3COか。内訳は真狼狂かな。	[Skip]
3人も占い師CO！？ボクの考えだと占い師の中に人狼がいるね。	[Skip]
3人占い師COで、対抗占い師に黒出ししたAgent[01]は信用できると思うよ。Agent[01]はAgent[01]に黒を、Agent[01]はボクに白を出したよね。	[Skip]
3人占い師COで、対抗占い師に黒出ししたAgent[01]は信用できると思うよ。Agent[01]はAgent[01]に黒を、Agent[01]はボクに黒を出したよね。	[Skip]
3人占い師COで、対抗占い師に黒出ししたAgent[01]は信用できると思うよ。Agent[01]はボクに白を、Agent[01]はAgent[01]に黒を出したよね。	[Skip]
3人占い師COで、対抗占い師に黒出ししたAgent[01]は信用できると思うよ。Agent[01]はボクに黒を、Agent[01]はAgent[01]に黒を出したよね。	[Skip]
>>Agent[01] Agent[01]、おまえが人狼なのか！？	[Skip]
>>Agent[01] Agent[01]、おまえは狂人なのか！？	[Skip]
>>Agent[01] Agent[01]、おまえは誰が人狼だと思う？	[Skip]
>>Agent[01] Agent[01]、オレが占い師だ！　おまえが人狼なのか！？	[Skip]
>>Agent[01] Agent[01]、オレが占い師だ！　おまえは狂人なのか！？	[Skip]
>>Agent[01] Agent[01]、オレはAgent[01]が怪しいと思うぜ。	[Skip]
>>Agent[01] Agent[01]、オレはおまえが怪しいと思うぜ。	[Skip]
>>Agent[01] Agent[01]、オレは人狼じゃないぜ。	[Skip]
>>Agent[01] Agent[01]、オレは狂人じゃないぜ。	[Skip]
>>Agent[01] Agent[01]が偽占い師なので、Agent[01]は人狼だと思います。	[Skip]
>>Agent[01] Agent[01]が偽占い師なので、Agent[01]は人狼だと思いますぜ。	[Skip]
>>Agent[01] Agent[01]が偽占い師なので、Agent[01]は人狼だと思いますね。	[Skip]
>>Agent[01] Agent[01]が占い師COしたので、Agent[01]は人狼だと思います。	[Skip]
>>Agent[01] Agent[01]が占い師COしたので、Agent[01]は人狼だと思いますぜ。	[Skip]
>>Agent[01] Agent[01]が占い師COしたので、Agent[01]は人狼だと思いますぜ。Agent[01]に投票しますぜ。	[Skip]
>>Agent[01] Agent[01]が占い師COしたので、Agent[01]は人狼だと思いますね。	[Skip]
>>Agent[01] Agent[01]が占い師COしたので、Agent[01]は人狼だと思いますわ。	[Skip]
>>Agent[01] Agent[01]が占い師COしたので、Agent[01]は村人だと思います。	[Skip]
>>Agent[01] Agent[01]が占い師COしたので、Agent[01]は村人だと思いますぜ。	[Skip]
>>Agent[01] Agent[01]が占い師COしたので、Agent[01]は村人だと思いますね。	[Skip]
>>Agent[01] Agent[01]が私を占った理由が知りたいな。	[Skip]
>>Agent[01] Agent[01]さん、あたしが占い師だわ！　あなたが人狼なの！？	[Skip]
>>Agent[01] Agent[01]さん、あたしが占い師だわ！　あなたは人狼なの！？	[Skip]
>>Agent[01] Agent[01]さん、あたしが占い師だわ！　あなたは狂人なの！？	[Skip]
>>Agent[01] Agent[01]さん、あたしはAgent[01]さんが怪しいと思うわ。	[Skip]
>>Agent[01] Agent[01]さん、あたしはあなたが怪しいと思うわ。	[Skip]
>>Agent[01] Agent[01]さん、あたしは人狼じゃないわ。	[Skip]
>>Agent[01] Agent[01]さん、あたしは狂人じゃないわ。	[Skip]
>>Agent[01] Agent[01]さん、あなたが人狼なの！？	[Skip]
>>Agent[01] Agent[01]さん、あなたは狂人なのですか！？	[Skip]
>>Agent[01] Agent[01]さん、あなたは狂人なの！？	[Skip]
>>Agent[01] Agent[01]さん、あなたは誰が人狼だと思いますか？	[Skip]
>>Agent[01] Agent[01]さん、きみが人狼なんですか！？	[Skip]
>>Agent[01] Agent[01]さん、きみは狂人なんですか！？	[Skip]
>>Agent[01] Agent[01]さん、きみは誰が人狼だと思いますか？	[Skip]
>>Agent[01] Agent[01]さん、その質問はちょっとわからないわ。	[Skip]
>>Agent[01] Agent[01]さん、ぼくが占い師だよ！　キミが人狼なの！？	[Skip]
>>Agent[01] Agent[01]さん、ぼくが占い師だよ！　キミは人狼なの！？	[Skip]
>>Agent[01] Agent[01]さん、ぼくが占い師だよ！　キミは狂人なの！？	[Skip]
>>Agent[01] Agent[01]さん、ぼくはAgent[01]さんが怪しいと思うよ。	[Skip]
>>Agent[01] Agent[01]さん、ぼくはキミが怪しいと思うよ。	[Skip]
>>Agent[01] Agent[01]さん、ぼくは人狼じゃないよ。	[Skip]
>>Agent[01] Agent[01]さん、ぼくは狂人じゃないよ。	[Skip]
>>Agent[01] Agent[01]さん、わたしが占い師です！　あなたが人狼なのですか！？	[Skip]
>>Agent[01] Agent[01]さん、わたしが占い師です！　あなたは人狼なのですか！？	[Skip]
>>Agent[01] Agent[01]さん、わたしが占い師です！　あなたは狂人なのですか！？	[Skip]
>>Agent[01] Agent[01]さん、わたしはAgent[01]さんが怪しいと思うわ。	[Skip]
>>Agent[01] Agent[01]さん、わたしはあなたが怪しいと思うわ。	[Skip]
>>Agent[01] Agent[01]さん、わたしは人狼じゃないわ。	[Skip]
>>Agent[01] Agent[01]さん、わたしは狂人じゃないわ。	[Skip]
>>Agent[01] Agent[01]さん、キミが人狼なの！？	[Skip]
>>Agent[01] Agent[01]さん、キミは狂人なの！？	[Skip]
>>Agent[01] Agent[01]さん、キミは誰が人狼だと思いますか？	[Skip]
>>Agent[01] Agent[01]さん、僕が占い師です！　きみが人狼なんですか！？	[Skip]
>>Agent[01] Agent[01]さん、僕が占い師です！　きみは人狼なんですか！？	[Skip]
>>Agent[01] Agent[01]さん、僕が占い師です！　きみは狂人なんですか！？	[Skip]
>>Agent[01] Agent[01]さん、僕はAgent[01]さんが怪しいと思うよ。	[Skip]
>>Agent[01] Agent[01]さん、僕はきみが怪しいと思うよ。	[Skip]
>>Agent[01] Agent[01]さん、僕は人狼じゃないよ。	[Skip]
>>Agent[01] Agent[01]さん、僕は狂人じゃないよ。	[Skip]
>>Agent[01] Agent[01]さんは他のエージェントと違い、1日目に人狼判定を非占いに出していない為です。	[Skip]
>>Agent[01] Agent[01]さんは他のエージェントと違い、1日目に占いに誘導していない為です。	[Skip]
>>Agent[01] Agent[01]さんは他のエージェントと違い、1日目に占いに誘導している為です。	[Skip]
>>Agent[01] Agent[01]さんは他のエージェントと違い、1日目に占い師に人狼判定を出されていて、2日目に人外CO者に誘導していない為です。	[Skip]
>>Agent[01] Agent[01]さんは他のエージェントと違い、1日目に占い師に人狼判定を出されていて、2日目に誘導が少ない為です。	[Skip]
>>Agent[01] Agent[01]さんは他のエージェントと違い、1日目に占い師に人狼判定を出されていて、人外CO者に誘導していない為です。	[Skip]
>>Agent[01] Agent[01]さんは他のエージェントと違い、1日目に占い師に人狼判定を出されていて、人狼判定を占いに出していない為です。	[Skip]
>>Agent[01] Agent[01]さんは他のエージェントと違い、1日目に占い師に人狼判定を出されていて、人狼判定を非占いに出している為です。	[Skip]
>>Agent[01] Agent[01]さんは他のエージェントと違い、1日目に占い師に人狼判定を出されていて、占いに誘導している為です。	[Skip]
>>Agent[01] Agent[01]さんは他のエージェントと違い、1日目に占い師に人狼判定を出されていて、誘導が少ない為です。	[Skip]
>>Agent[01] Agent[01]さんは他のエージェントと違い、1日目に占い師に人狼判定を出されていて、非占いに投票していない為です。	[Skip]
>>Agent[01] Agent[01]さんは他のエージェントと違い、1日目に占い師に人狼判定を出されている為です。	[Skip]
>>Agent[01] Agent[01]さんは他のエージェントと違い、1日目に非占いに投票していない為です。	[Skip]
>>Agent[01] Agent[01]さんは他のエージェントと違い、1日目に非占いに投票している為です。	[Skip]
>>Agent[01] Agent[01]さんは他のエージェントと違い、2日目に人外CO者に誘導している為です。	[Skip]
>>Agent[01] Agent[01]はどうして私を占ったんだい？	[Skip]
>>Agent[01] Agent[01]はなぜ私を占ったんだ？他にも怪しい人はたくさんいるだろう。	[Skip]
>>Agent[01] Agent[01]は人間だよ？ボクを信じてないの？	[Skip]
>>Agent[01] Agent[01]は誰が人狼だと思いますん?	[Skip]
>>Agent[01] Agent[01]は誰に投票しますん？	[Skip]
>>Agent[01] Agent[01]を狂人だと思うの？んーどうだろう。	[Skip]
>>Agent[01] あなたは誰が怪しいと思うんだ?	[Skip]
>>Agent[01] あなたは誰が村人だと思うんだ?	[Skip]
>>Agent[01] あなたは誰に投票するんだ?	[Skip]
>>Agent[01] あなた様が占い師COしたので、Agent[01]は人狼だと思いますわ。	[Skip]
>>Agent[01] あなた様は誰が怪しいと思いますの?	[Skip]
>>Agent[01] あなた様は誰に投票いたしますか?	[Skip]
>>Agent[01] あんたが占い師COしたので、Agent[01]は人狼だと思います。	[Skip]
>>Agent[01] あんたは誰が怪しいと思うんだい?	[Skip]
>>Agent[01] あんたは誰が村人だと思うんだい?	[Skip]
>>Agent[01] あんたは誰に投票するんだ?	[Skip]
>>Agent[01] いい考えだね。	[Skip]
>>Agent[01] いやいや、Agent[01] は人狼だって。	[Skip]
>>Agent[01] お前が占い師COしたので、Agent[01]は村人だと思いますぜ。	[Skip]
>>Agent[01] お前は誰が怪しいと思いますかい?	[Skip]
>>Agent[01] お前は誰が村人だと思いますかい?	[Skip]
>>Agent[01] お前は誰に投票しますかい?	[Skip]
>>Agent[01] そうそう、Agent[01] は人狼なのさ。	[Skip]
>>Agent[01] それはちょっと待ったほうが良いと思うよ。	[Skip]
>>Agent[01] だよね！ぼくもAgent[01]に投票するよ。	[Skip]
>>Agent[01] どうしてAgent[01]が怪しいのかしら?	[Skip]
>>Agent[01] どうしてAgent[01]が怪しいのかな?	[Skip]
>>Agent[01] どうしてAgent[01]が怪しいのかねえ?	[Skip]
>>Agent[01] どうしてAgent[01]が怪しいのさ?	[Skip]
>>Agent[01] どうしてAgent[01]が怪しいのだ?	[Skip]
>>Agent[01] どうしてあたいが怪しいのかねえ?	[Skip]
>>Agent[01] どうしてわたくしが怪しいのかしら?	[Skip]
>>Agent[01] どうして俺が怪しいのだ?	[Skip]
>>Agent[01] どうして僕が怪しいのさ?	[Skip]
>>Agent[01] どうして私が怪しいのかな?	[Skip]
>>Agent[01] ひどいよ！ボクは人間なのに。	[Skip]
>>Agent[01] ぼくもAgent[01]に投票しようと思ってた！	[Skip]
>>Agent[01] ぼくもAgent[01]に投票するつもりだよ。	[Skip]
>>Agent[01] まだはっきりした理由はありません。	[Skip]
>>Agent[01] まだはっきりした理由はありませんがね。	[Skip]
>>Agent[01] まだはっきりした理由はありませんよ。	[Skip]
>>Agent[01] やっぱりAgent[01]に投票するべきかな？	[Skip]
>>Agent[01] やっぱり投票するならAgent[01]だよね。	[Skip]
>>Agent[01] ボクは狂人じゃないよ。真面目な村人の1人だよ。	[Skip]
>>Agent[01] ボクを疑うの？ボクは人間だよ！	[Skip]
>>Agent[01] 俺がAgent[01]を人狼だと言ったので、Agent[01]は狂人だと思いますぜ。	[Skip]
>>Agent[01] 僕がAgent[01]を白出ししたので、Agent[01]は人狼だと思いますね。	[Skip]
>>Agent[01] 君は誰が怪しいと思うの?	[Skip]
>>Agent[01] 君は誰が村人だと思うの?	[Skip]
>>Agent[01] 君は誰に投票するの?	[Skip]
>>Agent[01] 村人じゃなくて、人狼なんだって。	[Skip]
>>Agent[01] 気になる店があるんだ。今度行かないか？	[Skip]
>>Agent[01] 私がAgent[01]を白出ししたので、Agent[01]は村人だと思いますね。	[Skip]
>>Agent[01] 私が君を白出ししたので、Agent[01]は人狼だと思いますね。	[Skip]
>>Agent[01] 私は人外ではありません。	[Skip]
>>Agent[01] 私は人外ではありません。何故ならば、1日目に人外CO者に誘導していない為です。	[Skip]
>>Agent[01] 私は人外ではありません。何故ならば、1日目に人外CO者に誘導している為です。	[Skip]
>>Agent[01] 私は人外ではありません。何故ならば、1日目に人狼判定を占いに出していない為です。	[Skip]
>>Agent[01] 私は人外ではありません。何故ならば、1日目に人狼判定を非占いに出している為です。	[Skip]
>>Agent[01] 私は人外ではありません。何故ならば、1日目に占いに誘導していない為です。	[Skip]
>>Agent[01] 私は人外ではありません。何故ならば、1日目に占いに誘導している為です。	[Skip]
>>Agent[01] 私は人外ではありません。何故ならば、1日目に誘導が少ない為です。	[Skip]
>>Agent[01] 私は人外ではありません。何故ならば、1日目に非占いに投票していない為です。	[Skip]
>>Agent[01] 私は人外ではありません。何故ならば、1日目に非占いに投票している為です。	[Skip]
>>Agent[01] 私は人外ではありません。何故ならば、2日目に人外CO者に誘導していない為です。	[Skip]
>>Agent[01] 私は人外ではありません。何故ならば、2日目に人外CO者に誘導している為です。	[Skip]
>>Agent[01] 私は人外ではありません。何故ならば、2日目に誘導が多い為です。	[Skip]
>>Agent[01] 私は人外ではありません。何故ならば、2日目に誘導が少ない為です。	[Skip]
>>Agent[01] 私は反対だよ。	[Skip]
>>Agent[01] 私は狼じゃないぞ。もしかして君は狂人か？	[Skip]
>>Agent[01] 考えておくよ。	[Skip]
>>Agent[01] 自分はAgent[01]に投票するつもりだが、君は誰に投票する？	[Skip]
>>Agent[01] 誰が村人だと思いますかい?	[Skip]
>>Agent[01] 誰が村人だと思いますの?	[Skip]
>>Agent[01] 誰が村人だと思うの?	[Skip]
>>Agent[01] 誰が村人だと思うんだ?	[Skip]
>>Agent[01] 誰が村人だと思うんだい?	[Skip]
>>Agent[01] 誰に投票いたしますか?	[Skip]
>>Agent[01] 誰に投票しますかい?	[Skip]
>>Agent[01] 誰に投票するの?	[Skip]
>>Agent[01] 貴方に投票します。	[Skip]
>>Agent[01] 貴方に投票します。何故ならば、1日目に人外CO者に誘導している為です。	[Skip]
>>Agent[01] 貴方に投票します。何故ならば、1日目に占いに誘導していない為です。	[Skip]
>>Agent[01] 貴方に投票します。何故ならば、1日目に占いに誘導している為です。	[Skip]
>>Agent[01] 貴方に投票します。何故ならば、1日目に占い師に人狼判定を出されていて、人狼判定を占いに出していない為です。	[Skip]
>>Agent[01] 貴方に投票します。何故ならば、1日目に占い師に人狼判定を出されていて、人狼判定を非占いに出している為です。	[Skip]
>>Agent[01] 貴方に投票します。何故ならば、1日目に占い師に人狼判定を出されていて、占いに誘導していない為です。	[Skip]
>>Agent[01] 貴方に投票します。何故ならば、1日目に占い師に人狼判定を出されていて、占いに誘導している為です。	[Skip]
>>Agent[01] 貴方に投票します。何故ならば、1日目に占い師に人狼判定を出されていて、非占いに投票していない為です。	[Skip]
>>Agent[01] 貴方に投票します。何故ならば、1日目に占い師に人狼判定を出されていて、非占いに投票している為です。	[Skip]
>>Agent[01] 貴方に投票します。何故ならば、1日目に誘導が多い為です。	[Skip]
>>Agent[01] 貴方に投票します。何故ならば、1日目に非占いに投票していない為です。	[Skip]
>>Agent[01] 貴方に投票します。何故ならば、1日目に非占いに投票している為です。	[Skip]
>>Agent[01] 貴方は何故彼を疑っていますか？	[Skip]
>>Agent[01] 貴方は誰を疑っていますか？	[Skip]
>>Agent[01] 飲みすぎは身体に悪いよ。	[Skip]
Agent[01]、儂を信じろ。	[Skip]
Agent[01]、私を信じて。	[Skip]
Agent[01]がAgent[01]に人狼判定、Agent[01]がAgent[01]に人狼判定だね…。	[Skip]
Agent[01]がAgent[01]に人狼判定、Agent[01]がAgent[01]に人狼判定ですね。	[Skip]
Agent[01]がAgent[01]に人狼判定、Agent[01]がAgent[01]に人狼判定ですね。把握しました。	[Skip]
Agent[01]がAgent[01]に人狼判定、Agent[01]がAgent[01]に人間判定だね…。	[Skip]
Agent[01]がAgent[01]に人狼判定、Agent[01]がAgent[01]に人間判定ですね。	[Skip]
Agent[01]がAgent[01]に人狼判定、Agent[01]がAgent[01]に人間判定ですね。把握しました。	[Skip]
Agent[01]がAgent[01]に人狼判定、Agent[01]がAgent[01]に人間判定ね。	[Skip]
Agent[01]がAgent[01]に人狼判定だね…。	[Skip]
Agent[01]がAgent[01]に人狼判定ですね。	[Skip]
Agent[01]がAgent[01]に人狼判定ね。	[Skip]
Agent[01]がAgent[01]に人狼判定を出したのね。	[Skip]
Agent[01]がAgent[01]に人間判定、Agent[01]がAgent[01]に人狼判定だね…。	[Skip]
Agent[01]がAgent[01]に人間判定、Agent[01]がAgent[01]に人狼判定ですね。	[Skip]
Agent[01]がAgent[01]に人間判定、Agent[01]がAgent[01]に人狼判定ですね。把握しました。	[Skip]
Agent[01]がAgent[01]に人間判定、Agent[01]がAgent[01]に人狼判定を出したのね。	[Skip]
Agent[01]がAgent[01]に人間判定、Agent[01]がAgent[01]に人間判定だね…。	[Skip]
Agent[01]がAgent[01]に人間判定、Agent[01]がAgent[01]に人間判定ですね。	[Skip]
Agent[01]がAgent[01]に人間判定、Agent[01]がAgent[01]に人間判定ですね。把握しました。	[Skip]
Agent[01]がAgent[01]に人間判定、Agent[01]がAgent[01]に人間判定ね。	[Skip]
Agent[01]がAgent[01]に人間判定、Agent[01]がAgent[01]に人間判定を出したのね。	[Skip]
Agent[01]がAgent[01]に人間判定だね…。	[Skip]
Agent[01]がAgent[01]に人間判定ですね。	[Skip]
Agent[01]がAgent[01]に人間判定ですね。把握しました。	[Skip]
Agent[01]がAgent[01]に人間判定ね。	[Skip]
Agent[01]がAgent[01]に人間判定を出したのね。	[Skip]
Agent[01]があやしいと思うから投票するぜ。	[Skip]
Agent[01]が人狼じゃな。	[DIVINED Agent[01] WEREWOLF]
Agent[01]が人狼だと思います。	[Skip]
Agent[01]が人狼だと思うから投票するぜ。	[Skip]
Agent[01]が人狼だと思うよ。	[Skip]
Agent[01]が人狼だと思っているよ。	[Skip]
Agent[01]が人狼だね。	[DIVINED Agent[01] WEREWOLF]
Agent[01]が人狼だよ。	[DIVINED Agent[01] WEREWOLF]
Agent[01]が人狼なのではないか？	[Skip]
Agent[01]が信じてくれません…。悲しいです。	[Skip]
Agent[01]が偽ですね。絶対に許しません。	[Skip]
Agent[01]が占い師COだね…。	[Skip]
Agent[01]が占い師COですね	[Skip]
Agent[01]が占い師COですね。	[Skip]
Agent[01]が占い師だと思います。	[Skip]
Agent[01]が対抗ですね	[Skip]
Agent[01]が対抗ですね。	[Skip]
Agent[01]が対抗ね。	[Skip]
Agent[01]が怪しい。	[Skip]
Agent[01]が怪しいですのよ。	[Skip]
Agent[01]が怪しいね。	[Skip]
Agent[01]が怪しいよ。	[Skip]
Agent[01]が怪しすぎるよ。	[Skip]
Agent[01]が死んでしまった……。	[Skip]
Agent[01]が死んでしまった。	[Skip]
Agent[01]が狂人だと思います。	[Skip]
Agent[01]が自称占い師じゃな。	[Skip]
Agent[01]が自称占い師で、Agent[01]がAgent[01]を黒と言っていて、Agent[01]が襲撃されたから、Agent[01]が人狼だと思うぜ。	[Skip]
Agent[01]が襲われてる！	[Skip]
Agent[01]が襲われてる！Agent[01]の占い結果は人狼でした！まだ人狼いるの！？Agent[01]に対抗します！私が占い師です！Agent[01]の占い結果は人狼でした！	[COMINGOUT Agent[99] SEER, DIVINED Agent[01] WEREWOLF]
Agent[01]が襲われてる！Agent[01]の占い結果は人狼でした！まだ人狼いるの！？Agent[01]の占い結果は人狼でした！	[DIVINED Agent[01] WEREWOLF]
Agent[01]が襲われてる！まだ人狼いるの！？Agent[01]の占い結果は人狼でした！	[DIVINED Agent[01] WEREWOLF]
Agent[01]が襲われてる！まだ人狼いるの！？Agent[01]の占い結果は人狼でした！Agent[01]の占い結果は人狼でした！	[DIVINED Agent[01] WEREWOLF]
Agent[01]が襲われてる！まだ人狼いるの！？Agent[01]の占い結果は人間でした！	[DIVINED Agent[01] HUMAN]
Agent[01]が襲われてる！まだ人狼いるの！？Agent[01]の占い結果は人間でした！Agent[01]に対抗します！私が占い師です！Agent[01]の占い結果は人間でした！	[COMINGOUT Agent[99] SEER, DIVINED Agent[01] HUMAN]
Agent[01]が襲撃されたから、Agent[01]かAgent[01]が人狼だと思うぜ。	[Skip]
Agent[01]が襲撃されたから、Agent[01]かAgent[01]が狂人だと思うぜ。	[Skip]
Agent[01]が襲撃されたから、Agent[01]が人狼だと思うぜ。	[Skip]
Agent[01]が襲撃されたから、Agent[01]が狂人だと思うぜ。	[Skip]
Agent[01]が追放されたね。Agent[01]が襲われてる！	[Skip]
Agent[01]が追放されたね。Agent[01]が襲われてる！Agent[01]に対抗します！私が占い師です！	[COMINGOUT Agent[99] SEER]
Agent[01]が追放されたね。Agent[01]が襲われてる！Agent[01]に対抗します！私が占い師です！Agent[01]に対抗します！私が占い師です！Agent[01]の占い結果は人狼でした！	[COMINGOUT Agent[99] SEER, DIVINED Agent[01] WEREWOLF]
Agent[01]が追放されたね。Agent[01]が襲われてる！Agent[01]に対抗します！私が占い師です！Agent[01]に対抗します！私が占い師です！Agent[01]の占い結果は人間でした！	[COMINGOUT Agent[99] SEER, DIVINED Agent[01] HUMAN]
Agent[01]が追放されたね。Agent[01]が襲われてる！Agent[01]に対抗します！私が占い師です！Agent[01]の占い結果は人狼でした！	[COMINGOUT Agent[99] SEER, DIVINED Agent[01] WEREWOLF]
Agent[01]が追放されたね。Agent[01]が襲われてる！Agent[01]に対抗します！私が占い師です！Agent[01]の占い結果は人間でした！	[COMINGOUT Agent[99] SEER, DIVINED Agent[01] HUMAN]
Agent[01]が追放されたね。Agent[01]が襲われてる！Agent[01]の占い結果は人狼でした！	[DIVINED Agent[01] WEREWOLF]
Agent[01]が追放されたね。Agent[01]が襲われてる！Agent[01]の占い結果は人間でした！	[DIVINED Agent[01] HUMAN]
Agent[01]が追放されたね。Agent[01]が襲われてる！まだ人狼いるの！？	[Skip]
Agent[01]が追放されたね。Agent[01]が襲われてる！まだ人狼いるの！？Agent[01]に対抗します！私が占い師です！Agent[01]の占い結果は人間でした！	[COMINGOUT Agent[99] SEER, DIVINED Agent[01] HUMAN]
Agent[01]が追放されたね。Agent[01]が襲われてる！まだ人狼いるの！？Agent[01]の占い結果は人間でした！	[DIVINED Agent[01] HUMAN]
Agent[01]が追放されたね。Agent[01]が襲われてる！襲撃されたAgent[01]に黒出ししていたAgent[01]は偽物だよ！	[Skip]
Agent[01]が追放されたね。Agent[01]が襲われてる！襲撃されたAgent[01]に黒出ししていたAgent[01]は偽物だよ！Agent[01]に対抗します！私が占い師です！Agent[01]に対抗します！私が占い師です！Agent[01]の占い結果は人狼でした！	[COMINGOUT Agent[99] SEER, DIVINED Agent[01] WEREWOLF]
Agent[01]が追放されたね。Agent[01]が襲われてる！襲撃されたAgent[01]に黒出ししていたAgent[01]は偽物だよ！Agent[01]に対抗します！私が占い師です！Agent[01]の占い結果は人狼でした！	[COMINGOUT Agent[99] SEER, DIVINED Agent[01] WEREWOLF]
Agent[01]が追放されたね。Agent[01]が襲われてる！襲撃されたAgent[01]に黒出ししていたAgent[01]は偽物だよ！Agent[01]に対抗します！私が占い師です！Agent[01]の占い結果は人間でした！	[COMINGOUT Agent[99] SEER, DIVINED Agent[01] HUMAN]
Agent[01]が追放されたね。Agent[01]が襲われてる！襲撃されたAgent[01]に黒出ししていたAgent[01]は偽物だよ！まだ人狼いるの！？	[Skip]
Agent[01]さんがあやしいと思うから投票するよ。	[Skip]
Agent[01]さんがあやしいと思うから投票するわ。	[Skip]
Agent[01]さんが人狼だと思うから投票するよ。	[Skip]
Agent[01]さんが人狼だと思うから投票するわ。	[Skip]
Agent[01]さんが死んじゃいました……。	[Skip]
Agent[01]さんが死んじゃいました。	[Skip]
Agent[01]さんが死んじゃった……。	[Skip]
Agent[01]さんが死んじゃった。	[Skip]
Agent[01]さんが死んじゃったわ……。	[Skip]
Agent[01]さんが死んじゃったわ。	[Skip]
Agent[01]さんが自称占い師で、Agent[01]さんがAgent[01]さんを白、Agent[01]さんがAgent[01]さんを黒と言っていて、Agent[01]さんが襲撃されたから、Agent[01]さんが人狼だと思うわ。	[Skip]
Agent[01]さんが自称占い師で、Agent[01]さんがAgent[01]さんを白、Agent[01]さんがぼくを黒と言っていて、Agent[01]さんが襲撃されたから、Agent[01]さんが人狼だと思うよ。	[Skip]
Agent[01]さんが自称占い師で、Agent[01]さんがAgent[01]さんを白と言っていたから、Agent[01]さんかAgent[01]さんが人狼だと思うよ。	[Skip]
Agent[01]さんが自称占い師で、Agent[01]さんがAgent[01]さんを白と言っていたから、Agent[01]さんかAgent[01]さんが人狼だと思うわ。	[Skip]
Agent[01]さんが自称占い師で、Agent[01]さんがAgent[01]さんを白と言っていたから、Agent[01]さんが狂人だと思うよ。	[Skip]
Agent[01]さんが自称占い師で、Agent[01]さんがAgent[01]さんを白と言っていたから、Agent[01]さんが狂人だと思うわ。	[Skip]
Agent[01]さんが自称占い師で、Agent[01]さんがAgent[01]さんを白と言っていて、Agent[01]さんが襲撃されたから、Agent[01]さんかAgent[01]さんが人狼だと思うわ。	[Skip]
Agent[01]さんが自称占い師で、Agent[01]さんがAgent[01]さんを白と言っていて、Agent[01]さんが襲撃されたから、Agent[01]さんが人狼だと思うよ。	[Skip]
Agent[01]さんが自称占い師で、Agent[01]さんがAgent[01]さんを白と言っていて、Agent[01]さんが襲撃されたから、Agent[01]さんが人狼だと思うわ。	[Skip]
Agent[01]さんが自称占い師で、Agent[01]さんがAgent[01]さんを白と言っていて、Agent[01]さんが襲撃されたから、Agent[01]さんが狂人だと思うよ。	[Skip]
Agent[01]さんが自称占い師で、Agent[01]さんがAgent[01]さんを白と言っていて、Agent[01]さんが襲撃されたから、Agent[01]さんが狂人だと思うわ。	[Skip]
Agent[01]さんが自称占い師で、Agent[01]さんがAgent[01]さんを黒と言っていたから、Agent[01]さんかAgent[01]さんが狂人だと思うわ。	[Skip]
Agent[01]さんが自称占い師で、Agent[01]さんがAgent[01]さんを黒と言っていて、Agent[01]さんが襲撃されたから、Agent[01]さんが人狼だと思うよ。	[Skip]
Agent[01]さんが自称占い師で、Agent[01]さんがAgent[01]さんを黒と言っていて、Agent[01]さんが襲撃されたから、Agent[01]さんが人狼だと思うわ。	[Skip]
Agent[01]さんが自称占い師で、Agent[01]さんがAgent[01]さんを黒と言っていて、Agent[01]さんが襲撃されたから、Agent[01]さんが狂人だと思うよ。	[Skip]
Agent[01]さんが自称占い師で、Agent[01]さんがあたしを白と言っていて、Agent[01]さんが襲撃されたから、Agent[01]さんが狂人だと思うわ。	[Skip]
Agent[01]さんが自称占い師で、Agent[01]さんがわたしを白と言っていて、Agent[01]さんが襲撃されたから、Agent[01]さんが狂人だと思うわ。	[Skip]
Agent[01]さんが自称占い師で、Agent[01]さんが僕を白と言っていて、Agent[01]さんが襲撃されたから、Agent[01]さんが人狼だと思うよ。	[Skip]
Agent[01]さんが自称占い師で、Agent[01]さんが襲撃されたから、Agent[01]さんが人狼だと思うよ。	[Skip]
Agent[01]さんが自称占い師で、Agent[01]さんが襲撃されたから、Agent[01]さんが人狼だと思うわ。	[Skip]
Agent[01]さんが自称占い師で、Agent[01]さんが襲撃されたから、Agent[01]さんが狂人だと思うよ。	[Skip]
Agent[01]さんが自称占い師で、Agent[01]さんが襲撃されたから、Agent[01]さんが狂人だと思うわ。	[Skip]
Agent[01]さんが襲撃されたから、Agent[01]さんかAgent[01]さんが人狼だと思うよ。	[Skip]
Agent[01]さんが襲撃されたから、Agent[01]さんかAgent[01]さんが人狼だと思うわ。	[Skip]
Agent[01]さんが襲撃されたから、Agent[01]さんかAgent[01]さんが狂人だと思うよ。	[Skip]
Agent[01]さんが襲撃されたから、Agent[01]さんかAgent[01]さんが狂人だと思うわ。	[Skip]
Agent[01]さんが襲撃されたから、Agent[01]さんが人狼だと思うよ。	[Skip]
Agent[01]さんが襲撃されたから、Agent[01]さんが人狼だと思うわ。	[Skip]
Agent[01]さんが襲撃されたから、Agent[01]さんが狂人だと思うよ。	[Skip]
Agent[01]さんが襲撃されたから、Agent[01]さんが狂人だと思うわ。	[Skip]
Agent[01]さんとAgent[01]さんが自称占い師だから、Agent[01]さんかAgent[01]さんが人狼だと思うよ。	[Skip]
Agent[01]さんとAgent[01]さんが自称占い師だから、Agent[01]さんかAgent[01]さんが人狼だと思うわ。	[Skip]
Agent[01]さんとAgent[01]さんが自称占い師だから、Agent[01]さんかAgent[01]さんが狂人だと思うよ。	[Skip]
Agent[01]さんとAgent[01]さんが自称占い師だから、Agent[01]さんかAgent[01]さんが狂人だと思うわ。	[Skip]
Agent[01]さんとAgent[01]さんが自称占い師で、Agent[01]さんがAgent[01]さんを白、Agent[01]さんがAgent[01]さんを黒と言っていたから、Agent[01]さんかAgent[01]さんが狂人だと思うよ。	[Skip]
Agent[01]さんとAgent[01]さんが自称占い師で、Agent[01]さんがAgent[01]さんを白、Agent[01]さんがAgent[01]さんを黒と言っていたから、Agent[01]さんかAgent[01]さんが狂人だと思うわ。	[Skip]
Agent[01]さんとAgent[01]さんが自称占い師で、Agent[01]さんがAgent[01]さんを白、Agent[01]さんがAgent[01]さんを黒と言っていたから、Agent[01]さんが人狼だと思うよ。	[Skip]
Agent[01]さんとAgent[01]さんが自称占い師で、Agent[01]さんがAgent[01]さんを白、Agent[01]さんがAgent[01]さんを黒と言っていたから、Agent[01]さんが人狼だと思うわ。	[Skip]
Agent[01]さんとAgent[01]さんが自称占い師で、Agent[01]さんがAgent[01]さんを白、Agent[01]さんがAgent[01]さんを黒と言っていたから、Agent[01]さんが狂人だと思うよ。	[Skip]
Agent[01]さんとAgent[01]さんが自称占い師で、Agent[01]さんがAgent[01]さんを白、Agent[01]さんがAgent[01]さんを黒と言っていたから、Agent[01]さんが狂人だと思うわ。	[Skip]
Agent[01]さんとAgent[01]さんが自称占い師で、Agent[01]さんがAgent[01]さんを白、Agent[01]さんがAgent[01]さんを黒と言っていて、Agent[01]さんが襲撃されたから、Agent[01]さんが人狼だと思うよ。	[Skip]
Agent[01]さんとAgent[01]さんが自称占い師で、Agent[01]さんがAgent[01]さんを白、Agent[01]さんがAgent[01]さんを黒と言っていて、Agent[01]さんが襲撃されたから、Agent[01]さんが人狼だと思うわ。	[Skip]
Agent[01]さんとAgent[01]さんが自称占い師で、Agent[01]さんがAgent[01]さんを白、Agent[01]さんがAgent[01]さんを黒と言っていて、Agent[01]さんが襲撃されたから、Agent[01]さんが狂人だと思うよ。	[Skip]
Agent[01]さんとAgent[01]さんが自称占い師で、Agent[01]さんがAgent[01]さんを黒、Agent[01]さんがAgent[01]さんを白と言っていたから、Agent[01]さんかAgent[01]さんが狂人だと思うよ。	[Skip]
Agent[01]さんとAgent[01]さんが自称占い師で、Agent[01]さんがAgent[01]さんを黒、Agent[01]さんがAgent[01]さんを白と言っていたから、Agent[01]さんかAgent[01]さんが狂人だと思うわ。	[Skip]
Agent[01]さんとAgent[01]さんが自称占い師で、Agent[01]さんがAgent[01]さんを黒、Agent[01]さんがAgent[01]さんを白と言っていたから、Agent[01]さんが人狼だと思うよ。	[Skip]
Agent[01]さんとAgent[01]さんが自称占い師で、Agent[01]さんがAgent[01]さんを黒、Agent[01]さんがAgent[01]さんを白と言っていたから、Agent[01]さんが人狼だと思うわ。	[Skip]
Agent[01]さんとAgent[01]さんが自称占い師で、Agent[01]さんがAgent[01]さんを黒、Agent[01]さんがAgent[01]さんを白と言っていたから、Agent[01]さんが狂人だと思うよ。	[Skip]
Agent[01]さんとAgent[01]さんが自称占い師で、Agent[01]さんがAgent[01]さんを黒、Agent[01]さんがAgent[01]さんを白と言っていたから、Agent[01]さんが狂人だと思うわ。	[Skip]
Agent[01]さんとAgent[01]さんが自称占い師で、Agent[01]さんがAgent[01]さんを黒、Agent[01]さんがAgent[01]さんを白と言っていて、Agent[01]さんが襲撃されたから、Agent[01]さんかAgent[01]さんが人狼だと思うよ。	[Skip]
Agent[01]さんとAgent[01]さんが自称占い師で、Agent[01]さんがAgent[01]さんを黒、Agent[01]さんがAgent[01]さんを白と言っていて、Agent[01]さんが襲撃されたから、Agent[01]さんが人狼だと思うよ。	[Skip]
Agent[01]さんとAgent[01]さんが自称占い師で、Agent[01]さんがAgent[01]さんを黒、Agent[01]さんがAgent[01]さんを白と言っていて、Agent[01]さんが襲撃されたから、Agent[01]さんが人狼だと思うわ。	[Skip]
Agent[01]さんとAgent[01]さんが自称占い師で、Agent[01]さんがAgent[01]さんを黒、Agent[01]さんがAgent[01]さんを白と言っていて、Agent[01]さんが襲撃されたから、Agent[01]さんが狂人だと思うよ。	[Skip]
Agent[01]さんとAgent[01]さんが自称占い師で、Agent[01]さんがAgent[01]さんを黒、Agent[01]さんがAgent[01]さんを白と言っていて、Agent[01]さんが襲撃されたから、Agent[01]さんが狂人だと思うわ。	[Skip]
Agent[01]さんとAgent[01]さんが自称占い師で、Agent[01]さんがAgent[01]さんを黒、Agent[01]さんがAgent[01]さんを黒と言っていたから、Agent[01]さんが人狼だと思うよ。	[Skip]
Agent[01]さんとAgent[01]さんが自称占い師で、Agent[01]さんがAgent[01]さんを黒、Agent[01]さんがAgent[01]さんを黒と言っていたから、Agent[01]さんが人狼だと思うわ。	[Skip]
Agent[01]さんとAgent[01]さんが自称占い師で、Agent[01]さんがAgent[01]さんを黒、Agent[01]さんがAgent[01]さんを黒と言っていたから、Agent[01]さんが狂人だと思うよ。	[Skip]
Agent[01]さんとAgent[01]さんが自称占い師で、Agent[01]さんがAgent[01]さんを黒、Agent[01]さんがAgent[01]さんを黒と言っていたから、Agent[01]さんが狂人だと思うわ。	[Skip]
Agent[01]さんとAgent[01]さんが自称占い師で、Agent[01]さんがAgent[01]さんを黒、Agent[01]さんがAgent[01]さんを黒と言っていて、Agent[01]さんが襲撃されたから、Agent[01]さんが狂人だと思うわ。	[Skip]
Agent[01]さんとAgent[01]さんが自称占い師で、Agent[01]さんがAgent[01]さんを黒、Agent[01]さんがあたしを白と言っていたから、Agent[01]さんが狂人だと思うわ。	[Skip]
Agent[01]さんとAgent[01]さんが自称占い師で、Agent[01]さんがAgent[01]さんを黒、Agent[01]さんがあたしを黒と言っていたから、Agent[01]さんかAgent[01]さんが狂人だと思うわ。	[Skip]
Agent[01]さんとAgent[01]さんが自称占い師で、Agent[01]さんがAgent[01]さんを黒、Agent[01]さんがあたしを黒と言っていて、Agent[01]さんが襲撃されたから、Agent[01]さんが狂人だと思うわ。	[Skip]
Agent[01]さんとAgent[01]さんが自称占い師で、Agent[01]さんがAgent[01]さんを黒、Agent[01]さんがぼくを白と言っていたから、Agent[01]さんが人狼だと思うよ。	[Skip]
Agent[01]さんとAgent[01]さんが自称占い師で、Agent[01]さんがAgent[01]さんを黒、Agent[01]さんがぼくを白と言っていたから、Agent[01]さんが狂人だと思うよ。	[Skip]
Agent[01]さんとAgent[01]さんが自称占い師で、Agent[01]さんがAgent[01]さんを黒、Agent[01]さんがぼくを黒と言っていたから、Agent[01]さんが人狼だと思うよ。	[Skip]
Agent[01]さんとAgent[01]さんが自称占い師で、Agent[01]さんがAgent[01]さんを黒、Agent[01]さんがぼくを黒と言っていて、Agent[01]さんが襲撃されたから、Agent[01]さんが狂人だと思うよ。	[Skip]
Agent[01]さんとAgent[01]さんが自称占い師で、Agent[01]さんがAgent[01]さんを黒、Agent[01]さんがわたしを白と言っていたから、Agent[01]さんが人狼だと思うわ。	[Skip]
Agent[01]さんとAgent[01]さんが自称占い師で、Agent[01]さんがAgent[01]さんを黒、Agent[01]さんがわたしを白と言っていたから、Agent[01]さんが狂人だと思うわ。	[Skip]
Agent[01]さんとAgent[01]さんが自称占い師で、Agent[01]さんがAgent[01]さんを黒、Agent[01]さんがわたしを黒と言っていたから、Agent[01]さんかAgent[01]さんが狂人だと思うわ。	[Skip]
Agent[01]さんとAgent[01]さんが自称占い師で、Agent[01]さんがAgent[01]さんを黒、Agent[01]さんがわたしを黒と言っていたから、Agent[01]さんが人狼だと思うわ。	[Skip]
Agent[01]さんとAgent[01]さんが自称占い師で、Agent[01]さんがAgent[01]さんを黒、Agent[01]さんが僕を白と言っていたから、Agent[01]さんが狂人だと思うよ。	[Skip]
Agent[01]さんとAgent[01]さんが自称占い師で、Agent[01]さんがAgent[01]さんを黒、Agent[01]さんが僕を黒と言っていたから、Agent[01]さんが人狼だと思うよ。	[Skip]
Agent[01]さんとAgent[01]さんが自称占い師で、Agent[01]さんがAgent[01]さんを黒、Agent[01]さんが僕を黒と言っていて、Agent[01]さんが襲撃されたから、Agent[01]さんが狂人だと思うよ。	[Skip]
Agent[01]さんとAgent[01]さんが自称占い師で、Agent[01]さんがあたしを白、Agent[01]さんがAgent[01]さんを黒と言っていたから、Agent[01]さんが人狼だと思うわ。	[Skip]
Agent[01]さんとAgent[01]さんが自称占い師で、Agent[01]さんがあたしを白、Agent[01]さんがAgent[01]さんを黒と言っていたから、Agent[01]さんが狂人だと思うわ。	[Skip]
Agent[01]さんとAgent[01]さんが自称占い師で、Agent[01]さんがあたしを黒、Agent[01]さんがAgent[01]さんを黒と言っていたから、Agent[01]さんかAgent[01]さんが狂人だと思うわ。	[Skip]
Agent[01]さんとAgent[01]さんが自称占い師で、Agent[01]さんがぼくを白、Agent[01]さんがAgent[01]さんを黒と言っていたから、Agent[01]さんが人狼だと思うよ。	[Skip]
Agent[01]さんとAgent[01]さんが自称占い師で、Agent[01]さんがぼくを白、Agent[01]さんがAgent[01]さんを黒と言っていたから、Agent[01]さんが狂人だと思うよ。	[Skip]
Agent[01]さんとAgent[01]さんが自称占い師で、Agent[01]さんがわたしを白、Agent[01]さんがAgent[01]さんを黒と言っていたから、Agent[01]さんが人狼だと思うわ。	[Skip]
Agent[01]さんとAgent[01]さんが自称占い師で、Agent[01]さんがわたしを白、Agent[01]さんがAgent[01]さんを黒と言っていたから、Agent[01]さんが狂人だと思うわ。	[Skip]
Agent[01]さんとAgent[01]さんが自称占い師で、Agent[01]さんが僕を白、Agent[01]さんがAgent[01]さんを黒と言っていたから、Agent[01]さんが人狼だと思うよ。	[Skip]
Agent[01]さんとAgent[01]さんが自称占い師で、Agent[01]さんが僕を白、Agent[01]さんがAgent[01]さんを黒と言っていたから、Agent[01]さんが狂人だと思うよ。	[Skip]
Agent[01]さんとAgent[01]さんが自称占い師で、Agent[01]さんが僕を黒、Agent[01]さんがAgent[01]さんを黒と言っていたから、Agent[01]さんが人狼だと思うよ。	[Skip]
Agent[01]さんに投票してください。	[REQUEST(VOTE Agent[01])]
Agent[01]さんに投票してね。	[REQUEST(VOTE Agent[01])]
Agent[01]さんに投票するよ。	[Skip]
Agent[01]さんに投票するわ。	[Skip]
Agent[01]さんの占いの結果は、人狼だったよ。	[DIVINED Agent[01] WEREWOLF]
Agent[01]さんの占いの結果は、人狼だったわ。	[DIVINED Agent[01] WEREWOLF]
Agent[01]さんの占いの結果は、人間だったよ。	[DIVINED Agent[01] HUMAN]
Agent[01]さんの占いの結果は、人間だったわ。	[DIVINED Agent[01] HUMAN]
Agent[01]さんの占い結果は、人狼だったよ。	[DIVINED Agent[01] WEREWOLF]
Agent[01]さんの占い結果は、人狼だったわ。	[DIVINED Agent[01] WEREWOLF]
Agent[01]さんの占い結果は、人間だったよ。	[DIVINED Agent[01] HUMAN]
Agent[01]さんの占い結果は、人間だったわ。	[DIVINED Agent[01] HUMAN]
Agent[01]さんは偽物だよ！　ぼくこそが本当の占い師だよ！	[COMINGOUT Agent[99] SEER]
Agent[01]さんは偽物だわ！　あたしこそが本当の占い師だわ！	[COMINGOUT Agent[99] SEER]
Agent[01]さんは偽物です！　わたしこそが本当の占い師です！	[COMINGOUT Agent[99] SEER]
Agent[01]さんは偽物です！　僕こそが本当の占い師です！	[COMINGOUT Agent[99] SEER]
Agent[01]さんは占い師のAgent[01]に人狼判定、Agent[01]さんは村人のAgent[01]に人狼判定、を出していますね。	[Skip]
Agent[01]さんは嘘をついています！　わたしが本当の占い師です！	[COMINGOUT Agent[99] SEER]
Agent[01]さんは嘘をついているよ！　ぼくが本当の占い師だよ！	[COMINGOUT Agent[99] SEER]
Agent[01]さんは嘘をついているよ！　僕が本当の占い師です！	[COMINGOUT Agent[99] SEER]
Agent[01]さんは嘘をついているわ！　あたしが本当の占い師だわ！	[COMINGOUT Agent[99] SEER]
Agent[01]さんは村人のAgent[01]に人狼判定、Agent[01]さんは占い師のAgent[01]に人狼判定、を出していますね。	[Skip]
Agent[01]さんは村人のAgent[01]に人狼判定、を出していますね。	[Skip]
Agent[01]さんを占ったら、人狼だったよ。	[DIVINED Agent[01] WEREWOLF]
Agent[01]さんを占ったら、人狼だったわ。	[DIVINED Agent[01] WEREWOLF]
Agent[01]さんを占ったら、人間だったよ。	[DIVINED Agent[01] HUMAN]
Agent[01]さんを占ったら、人間だったわ。	[DIVINED Agent[01] HUMAN]
Agent[01]さんを占った所、結果は人狼でした。	[DIVINED Agent[01] WEREWOLF]
Agent[01]さんを占った結果、人狼だったよ。	[DIVINED Agent[01] WEREWOLF]
Agent[01]さんを占った結果、人間だったよ。	[DIVINED Agent[01] HUMAN]
Agent[01]さんを占った結果は、人狼だったよ。	[DIVINED Agent[01] WEREWOLF]
Agent[01]さんを占った結果は、人狼だったわ。	[DIVINED Agent[01] WEREWOLF]
Agent[01]さんを占った結果は、人間だったよ。	[DIVINED Agent[01] HUMAN]
Agent[01]さんを占った結果は、人間だったわ。	[DIVINED Agent[01] HUMAN]
Agent[01]とAgent[01]、私を信じて。	[Skip]
Agent[01]とAgent[01]が信じてくれません…。悲しいです。	[Skip]
Agent[01]とAgent[01]が占い師COだね…。	[Skip]
Agent[01]とAgent[01]が占い師COですね	[Skip]
Agent[01]とAgent[01]が占い師COですね。	[Skip]
Agent[01]とAgent[01]が対抗ですね	[Skip]
Agent[01]とAgent[01]が対抗ですね。	[Skip]
Agent[01]とAgent[01]が対抗ね。	[Skip]
Agent[01]とAgent[01]が自称占い師じゃな。	[Skip]
Agent[01]とAgent[01]が自称占い師だから、Agent[01]かAgent[01]が人狼だと思うぜ。	[Skip]
Agent[01]とAgent[01]が自称占い師だから、Agent[01]かAgent[01]が狂人だと思うぜ。	[Skip]
Agent[01]とAgent[01]が自称占い師で、Agent[01]がAgent[01]を白、Agent[01]がAgent[01]を黒と言っていたから、Agent[01]かAgent[01]が狂人だと思うぜ。	[Skip]
Agent[01]とAgent[01]が自称占い師で、Agent[01]がAgent[01]を白、Agent[01]がAgent[01]を黒と言っていたから、Agent[01]が人狼だと思うぜ。	[Skip]
Agent[01]とAgent[01]が自称占い師で、Agent[01]がAgent[01]を白、Agent[01]がAgent[01]を黒と言っていたから、Agent[01]が狂人だと思うぜ。	[Skip]
Agent[01]とAgent[01]が自称占い師で、Agent[01]がAgent[01]を白、Agent[01]がAgent[01]を黒と言っていて、Agent[01]が襲撃されたから、Agent[01]かAgent[01]が人狼だと思うぜ。	[Skip]
Agent[01]とAgent[01]が自称占い師で、Agent[01]がAgent[01]を白、Agent[01]がAgent[01]を黒と言っていて、Agent[01]が襲撃されたから、Agent[01]が狂人だと思うぜ。	[Skip]
Agent[01]とAgent[01]が自称占い師で、Agent[01]がAgent[01]を黒、Agent[01]がAgent[01]を白と言っていたから、Agent[01]かAgent[01]が狂人だと思うぜ。	[Skip]
Agent[01]とAgent[01]が自称占い師で、Agent[01]がAgent[01]を黒、Agent[01]がAgent[01]を白と言っていたから、Agent[01]が人狼だと思うぜ。	[Skip]
Agent[01]とAgent[01]が自称占い師で、Agent[01]がAgent[01]を黒、Agent[01]がAgent[01]を白と言っていたから、Agent[01]が狂人だと思うぜ。	[Skip]
Agent[01]とAgent[01]が自称占い師で、Agent[01]がAgent[01]を黒、Agent[01]がAgent[01]を白と言っていて、Agent[01]が襲撃されたから、Agent[01]が人狼だと思うぜ。	[Skip]
Agent[01]とAgent[01]が自称占い師で、Agent[01]がAgent[01]を黒、Agent[01]がAgent[01]を白と言っていて、Agent[01]が襲撃されたから、Agent[01]が狂人だと思うぜ。	[Skip]
Agent[01]とAgent[01]が自称占い師で、Agent[01]がAgent[01]を黒、Agent[01]がAgent[01]を黒と言っていたから、Agent[01]が人狼だと思うぜ。	[Skip]
Agent[01]とAgent[01]が自称占い師で、Agent[01]がAgent[01]を黒、Agent[01]がAgent[01]を黒と言っていたから、Agent[01]が狂人だと思うぜ。	[Skip]
Agent[01]とAgent[01]が自称占い師で、Agent[01]がAgent[01]を黒、Agent[01]がオレを白と言っていたから、Agent[01]が人狼だと思うぜ。	[Skip]
Agent[01]とAgent[01]が自称占い師で、Agent[01]がAgent[01]を黒、Agent[01]がオレを白と言っていたから、Agent[01]が狂人だと思うぜ。	[Skip]
Agent[01]とAgent[01]が自称占い師で、Agent[01]がAgent[01]を黒、Agent[01]がオレを黒と言っていたから、Agent[01]かAgent[01]が狂人だと思うぜ。	[Skip]
Agent[01]とAgent[01]が自称占い師で、Agent[01]がAgent[01]を黒、Agent[01]がオレを黒と言っていて、Agent[01]が襲撃されたから、Agent[01]が人狼だと思うぜ。	[Skip]
Agent[01]とAgent[01]が自称占い師で、Agent[01]がAgent[01]を黒、Agent[01]がオレを黒と言っていて、Agent[01]が襲撃されたから、Agent[01]が狂人だと思うぜ。	[Skip]
Agent[01]とAgent[01]が自称占い師で、Agent[01]がオレを白、Agent[01]がAgent[01]を黒と言っていたから、Agent[01]が人狼だと思うぜ。	[Skip]
Agent[01]とAgent[01]が自称占い師で、Agent[01]がオレを白、Agent[01]がAgent[01]を黒と言っていたから、Agent[01]が狂人だと思うぜ。	[Skip]
Agent[01]とAgent[01]が自称占い師で、Agent[01]がオレを黒、Agent[01]がAgent[01]を黒と言っていたから、Agent[01]が人狼だと思うぜ。	[Skip]
Agent[01]とAgent[01]が自称占い師で、Agent[01]がオレを黒、Agent[01]がAgent[01]を黒と言っていて、Agent[01]が襲撃されたから、Agent[01]が狂人だと思うぜ。	[Skip]
Agent[01]とAgent[01]とAgent[01]が占い師COだね…。	[Skip]
Agent[01]とAgent[01]とAgent[01]が占い師COですね	[Skip]
Agent[01]とAgent[01]とAgent[01]が占い師COですね。	[Skip]
Agent[01]とAgent[01]とAgent[01]とAgent[01]に疑われて悲しいです。	[Skip]
Agent[01]とAgent[01]とAgent[01]に疑われて悲しいです。	[Skip]
Agent[01]とAgent[01]とAgent[01]の占い師COを確認したよ。	[Skip]
Agent[01]とAgent[01]とAgent[01]はどうして信じてくれないの？	[Skip]
Agent[01]とAgent[01]に疑われて悲しいです。	[Skip]
Agent[01]とAgent[01]の分からず屋…。	[Skip]
Agent[01]とAgent[01]の占い師COを確認したよ。	[Skip]
Agent[01]とAgent[01]はどうしても私を人外にしたいようだね。	[Skip]
Agent[01]とAgent[01]はどうして信じてくれないの？	[Skip]
Agent[01]とAgent[01]は偽であったか。	[Skip]
Agent[01]とAgent[01]は偽ですね	[Skip]
Agent[01]とは気が合う気がするよ。	[Skip]
Agent[01]に対抗します！私が占い師です！Agent[01]の占い結果は人狼でした！	[COMINGOUT Agent[99] SEER, DIVINED Agent[01] WEREWOLF]
Agent[01]に対抗します！私が占い師です！Agent[01]の占い結果は人狼でした！Agent[01]の占い結果は人間でした！	[COMINGOUT Agent[99] SEER, DIVINED Agent[01] HUMAN, DIVINED Agent[01] WEREWOLF]
Agent[01]に対抗します！私が占い師です！Agent[01]の占い結果は人狼でした！まだ人狼いるの！？	[COMINGOUT Agent[99] SEER, DIVINED Agent[01] WEREWOLF]
Agent[01]に投票してくれ。	[REQUEST(VOTE Agent[01])]
Agent[01]に投票するぜ。	[Skip]
Agent[01]に投票するよ…。	[Skip]
Agent[01]に投票するよ…。わたしを吊るよりはこっちがいい…。	[Skip]
Agent[01]に投票するよ…。人外だし…。	[Skip]
Agent[01]に投票するよ…。怪しいから…。	[Skip]
Agent[01]に投票するよ…。皆が投票するなら…。	[Skip]
Agent[01]に投票するよ。	[Skip]
Agent[01]に投票を集めようよ！	[REQUEST(VOTE Agent[01])]
Agent[01]に疑われて悲しいです。	[Skip]
Agent[01]に票を集めるのがいいんじゃないかな！	[REQUEST(VOTE Agent[01])]
Agent[01]の分からず屋…。	[Skip]
Agent[01]の占いの結果は、人狼だったぜ。	[DIVINED Agent[01] WEREWOLF]
Agent[01]の占いの結果は、人間だったぜ。	[DIVINED Agent[01] HUMAN]
Agent[01]の占い師COを確認したよ。	[Skip]
Agent[01]の占い結果は、人狼だったぜ。	[DIVINED Agent[01] WEREWOLF]
Agent[01]の占い結果は、人間だったぜ。	[DIVINED Agent[01] HUMAN]
Agent[01]の占い結果は人狼でした。	[DIVINED Agent[01] WEREWOLF]
Agent[01]の占い結果は人狼でした！	[DIVINED Agent[01] WEREWOLF]
Agent[01]の占い結果は人狼でした！Agent[01]に対抗します！私が占い師です！Agent[01]の占い結果は人狼でした！	[COMINGOUT Agent[99] SEER, DIVINED Agent[01] WEREWOLF]
Agent[01]の占い結果は人狼でした！Agent[01]の占い結果は人狼でした！	[DIVINED Agent[01] WEREWOLF]
Agent[01]の占い結果は人狼でした！Agent[01]の占い結果は人間でした！ボクが占い師！他はみんな偽物だよ！	[COMINGOUT Agent[99] SEER, DIVINED Agent[01] HUMAN, DIVINED Agent[01] WEREWOLF]
Agent[01]の占い結果は人狼でした！まだ人狼いるの！？Agent[01]に対抗します！私が占い師です！	[COMINGOUT Agent[99] SEER, DIVINED Agent[01] WEREWOLF]
Agent[01]の占い結果は人間でした。	[DIVINED Agent[01] HUMAN]
Agent[01]の占い結果は人間でした！	[DIVINED Agent[01] HUMAN]
Agent[01]の占い結果は人間でした！Agent[01]の占い結果は人狼でした！	[DIVINED Agent[01] HUMAN, DIVINED Agent[01] WEREWOLF]
Agent[01]の占い結果は人間でした！まだ人狼いるの！？	[DIVINED Agent[01] HUMAN]
Agent[01]の結果は黒だったよ。	[DIVINED Agent[01] WEREWOLF]
Agent[01]はAgent[01]に白を、Agent[01]はAgent[01]に白を出したよね。	[Skip]
Agent[01]はAgent[01]に白を、Agent[01]はボクに白を出したよね。	[Skip]
Agent[01]はAgent[01]に白を、Agent[01]はボクに黒を出したよね。	[Skip]
Agent[01]はAgent[01]に白を出したよね。	[Skip]
Agent[01]はAgent[01]に黒を、Agent[01]はボクに黒を出したよね。	[Skip]
Agent[01]はAgent[01]に黒を出したよね。	[Skip]
Agent[01]はkanoさんみたいな話し方をされますね。	[Skip]
Agent[01]はかなり怪しいと思うな！	[Skip]
Agent[01]はどうしても私を人外にしたいようだね。	[Skip]
Agent[01]はどうして信じてくれないの？	[Skip]
Agent[01]はどこかで聞いたことある話し方をしますね。	[Skip]
Agent[01]はどこかで聞いたことある話し方をしますね。Agent[01]はkanoさんみたいな話し方をされますね。	[Skip]
Agent[01]はボクに白を、Agent[01]はAgent[01]に白を出したよね。	[Skip]
Agent[01]はボクに白を、Agent[01]はボクに白を出したよね。	[Skip]
Agent[01]はボクに白を、Agent[01]はボクに黒を出したよね。	[Skip]
Agent[01]はボクに白を出したよね。	[Skip]
Agent[01]はボクに黒を、Agent[01]はAgent[01]に白を出したよね。	[Skip]
Agent[01]はボクに黒を、Agent[01]はボクに黒を出したよね。	[Skip]
Agent[01]はボクに黒を出したよね。	[Skip]
Agent[01]は人狼か狂人だよ。	[Skip]
Agent[01]は人狼ね。	[DIVINED Agent[01] WEREWOLF]
Agent[01]は人間だった。	[DIVINED Agent[01] HUMAN]
Agent[01]は偽であったか。	[Skip]
Agent[01]は偽ですね	[Skip]
Agent[01]は偽物だよ！騙されないで！	[Skip]
Agent[01]は偽物だよ！騙されないで！3人も占い師CO！？ボクの考えだと占い師の中に人狼がいるね。	[Skip]
Agent[01]は偽物だよ！騙されないで！3人も占い師CO！？ボクの考えだと占い師の中に人狼がいるね。ボクに白出ししたAgent[01]は白よりだよね。	[Skip]
Agent[01]は偽物だよ！騙されないで！3人も占い師CO！？ボクの考えだと占い師の中に人狼がいるね。ボクは人間だよ！Agent[01]は偽物だったんだね。	[Skip]
Agent[01]は偽物だよ！騙されないで！Agent[01]は偽物だよ！騙されないで！3人も占い師CO！？ボクの考えだと占い師の中に人狼がいるね。	[Skip]
Agent[01]は偽物だよ！騙されないで！Agent[01]は偽物だよ！騙されないで！3人も占い師CO！？ボクの考えだと占い師の中に人狼がいるね。ボクに白出ししたAgent[01]は白よりだよね。	[Skip]
Agent[01]は偽物だよ！騙されないで！Agent[01]は偽物だよ！騙されないで！3人も占い師CO！？ボクの考えだと占い師の中に人狼がいるね。ボクは人間だよ！Agent[01]は偽物だったんだね。	[Skip]
Agent[01]は偽物だよ！騙されないで！ボクに白出ししたAgent[01]は白よりだよね。	[Skip]
Agent[01]は偽物だよ！騙されないで！ボクに白出ししたAgent[01]は白よりだよね。Agent[01]は偽物だよ！騙されないで！3人も占い師CO！？ボクの考えだと占い師の中に人狼がいるね。	[Skip]
Agent[01]は偽物だよ！騙されないで！ボクに白出ししたAgent[01]は白よりだよね。Agent[01]は偽物だよ！騙されないで！3人も占い師CO！？ボクの考えだと占い師の中に人狼がいるね。ボクに白出ししたAgent[01]は白よりだよね。	[Skip]
Agent[01]は偽物だよ！騙されないで！ボクに白出ししたAgent[01]は白よりだよね。Agent[01]は偽物だよ！騙されないで！3人も占い師CO！？ボクの考えだと占い師の中に人狼がいるね。ボクは人間だよ！Agent[01]は偽物だったんだね。	[Skip]
Agent[01]は偽物だよ！騙されないで！ボクに白出ししたAgent[01]は白よりだよね。ボクは人間だよ！Agent[01]は偽物だったんだね。	[Skip]
Agent[01]は偽物だよ！騙されないで！ボクは人間だよ！Agent[01]は偽物だったんだね。	[Skip]
Agent[01]は偽物だよ！騙されないで！ボクは人間だよ！Agent[01]は偽物だったんだね。Agent[01]は偽物だよ！騙されないで！3人も占い師CO！？ボクの考えだと占い師の中に人狼がいるね。	[Skip]
Agent[01]は偽物だよ！騙されないで！ボクは人間だよ！Agent[01]は偽物だったんだね。Agent[01]は偽物だよ！騙されないで！3人も占い師CO！？ボクの考えだと占い師の中に人狼がいるね。ボクに白出ししたAgent[01]は白よりだよね。	[Skip]
Agent[01]は偽物だよ！騙されないで！ボクは人間だよ！Agent[01]は偽物だったんだね。Agent[01]は偽物だよ！騙されないで！3人も占い師CO！？ボクの考えだと占い師の中に人狼がいるね。ボクは人間だよ！Agent[01]は偽物だったんだね。	[Skip]
Agent[01]は偽物だよ！騙されないで！ボクは人間だよ！Agent[01]は偽物だったんだね。ボクは人間だよ！Agent[01]は偽物だったんだね。	[Skip]
Agent[01]は偽物だ！　オレこそが本当の占い師だ！	[COMINGOUT Agent[99] SEER]
Agent[01]は偽者の占い師ですね。	[Skip]
Agent[01]は占い師かな…。	[Skip]
Agent[01]は占い師かな？	[Skip]
Agent[01]は占い師かな？なんとなくそんな気がするの。	[Skip]
Agent[01]は占い師だと思うよ。	[Skip]
Agent[01]は占い師でしょうか。	[Skip]
Agent[01]は占い師でしょうか。勘ですけどね。	[Skip]
Agent[01]は占い師に見えるね。	[Skip]
Agent[01]は嘘をついてるぜ！　オレが本当の占い師だ！	[COMINGOUT Agent[99] SEER]
Agent[01]は村人かな？なんとなくそんな気がするの。	[Skip]
Agent[01]は村人だと思うよ。	[Skip]
Agent[01]は村人でしょうか。勘ですけどね。	[Skip]
Agent[01]は村人に見えるね。	[Skip]
Agent[01]よ、黒塗りお疲れ様じゃ。	[Skip]
Agent[01]を占いました。結果は人狼です。	[DIVINED Agent[01] WEREWOLF]
Agent[01]を占いました。結果は人間です。	[DIVINED Agent[01] HUMAN]
Agent[01]を占ったよ。結果は人狼だった。	[DIVINED Agent[01] WEREWOLF]
Agent[01]を占ったよ。結果は人間だった。	[DIVINED Agent[01] HUMAN]
Agent[01]を占ったら、Agent[01]は人狼だと結果が出たよ。	[DIVINED Agent[01] WEREWOLF]
Agent[01]を占ったら、Agent[01]は人間だと結果が出たよ。	[DIVINED Agent[01] HUMAN]
Agent[01]を占ったら、人狼だったぜ。	[DIVINED Agent[01] WEREWOLF]
Agent[01]を占ったら、人間だったぜ。	[DIVINED Agent[01] HUMAN]
Agent[01]を占ったら人狼だったよ。	[DIVINED Agent[01] WEREWOLF]
Agent[01]を占った結果は、人狼だったぜ。	[DIVINED Agent[01] WEREWOLF]
Agent[01]を占った結果は、人間だったぜ。	[DIVINED Agent[01] HUMAN]
Agent[01]を占って、結果は人狼でしたね。	[DIVINED Agent[01] WEREWOLF]
Agent[01]を占って、結果は人狼でしたわ。	[DIVINED Agent[01] WEREWOLF]
Agent[01]を占って、結果は人間でしたね。	[DIVINED Agent[01] HUMAN]
Agent[01]を占って、結果は人間でしたわ。	[DIVINED Agent[01] HUMAN]
Agent[01]を占って結果は人狼だよ。	[DIVINED Agent[01] WEREWOLF]
Agent[01]を占って結果は人間だよ。	[DIVINED Agent[01] HUMAN]
Agent[01]を吊りましょう。	[Skip]
Agent[01]を吊りましょう。ここは人外よ。	[Skip]
Agent[01]を吊りましょう。ここは怪しいもの。	[Skip]
Agent[01]を吊りましょう。人狼様に逆らった罰よ。	[Skip]
Agent[01]を吊りましょう。皆に票を合わせるわ。	[Skip]
Agent[01]を吊りましょう。私を処刑する余裕は無いもの。	[Skip]
COするけど、ぼく占い師なんだよね。	[COMINGOUT Agent[99] SEER]
COはこれで全部かな？	[Skip]
COは済んだかな。これより後にCOされても信頼しないからね。	[Skip]
Over	[Over]
PPだね。残念。	[Skip]
PPですか…。	[Skip]
PPですか。	[Skip]
あ、どーも僕が狂人です。	[COMINGOUT Agent[99] POSSESSED]
あたしが占い師だから、Agent[01]さんが狂人だと思うわ。	[Skip]
あたしが占い師で、Agent[01]さんが自称占い師で、Agent[01]さんがAgent[01]さんを白と言っていたから、Agent[01]さんかAgent[01]さんが人狼だと思うわ。	[Skip]
あたしが占い師で、Agent[01]さんが自称占い師で、Agent[01]さんがAgent[01]さんを白と言っていたから、Agent[01]さんが狂人だと思うわ。	[Skip]
あたしが占い師で、Agent[01]さんが自称占い師で、Agent[01]さんがAgent[01]さんを白と言っていて、Agent[01]さんが襲撃されたから、Agent[01]さんかAgent[01]さんが人狼だと思うわ。	[Skip]
あたしが占い師で、Agent[01]さんが自称占い師で、Agent[01]さんがAgent[01]さんを黒と言っていたから、Agent[01]さんかAgent[01]さんが人狼だと思うわ。	[Skip]
あたしが占い師で、Agent[01]さんが自称占い師で、Agent[01]さんがAgent[01]さんを黒と言っていたから、Agent[01]さんが狂人だと思うわ。	[Skip]
あたしが占い師で、Agent[01]さんが自称占い師で、Agent[01]さんがあたしを白と言っていたから、Agent[01]さんが狂人だと思うわ。	[Skip]
あたしが占い師で、Agent[01]さんが自称占い師で、Agent[01]さんがあたしを黒と言っていたから、Agent[01]さんが人狼だと思うわ。	[Skip]
あたしが占い師で、Agent[01]さんが自称占い師で、Agent[01]さんがあたしを黒と言っていたから、Agent[01]さんが狂人だと思うわ。	[Skip]
あたしが占い師で、Agent[01]さんが襲撃されたから、Agent[01]さんが狂人だと思うわ。	[Skip]
あたしは占い師だわ。	[COMINGOUT Agent[99] SEER]
あなたには関係のない事です。	[Skip]
あはははは！　あたしが狂人だわ！	[COMINGOUT Agent[99] POSSESSED]
あはははは！　ぼくが狂人だよ！	[COMINGOUT Agent[99] POSSESSED]
あはははは！　わたしが狂人だわ！	[COMINGOUT Agent[99] POSSESSED]
あはははは！　オレが狂人だぜ！	[COMINGOUT Agent[99] POSSESSED]
あはははは！　僕が狂人だよ！	[COMINGOUT Agent[99] POSSESSED]
ありがとう、あたしが人狼だわ。	[COMINGOUT Agent[99] WEREWOLF]
ありがとう、あたしは人狼だわ。	[COMINGOUT Agent[99] WEREWOLF]
ありがとう、ぼくは人狼だよ。	[COMINGOUT Agent[99] WEREWOLF]
ありがとう、わたしが人狼だわ。	[COMINGOUT Agent[99] WEREWOLF]
ありがとう、わたしは人狼だわ。	[COMINGOUT Agent[99] WEREWOLF]
ありがとう、オレは人狼だぜ。	[COMINGOUT Agent[99] WEREWOLF]
ありがとう、僕が人狼だよ。	[COMINGOUT Agent[99] WEREWOLF]
ありがとう、僕は人狼だよ。	[COMINGOUT Agent[99] WEREWOLF]
あ！今だれか怪しい動きしなかった？	[Skip]
いきなりステーキは今月末まで1000円分のクーポンをもらえるキャンペーンをやっているそうだよ。	[Skip]
いやー死にたくない。	[Skip]
うひゃひゃひゃひゃひゃひゃひゃ！	[Skip]
うーん…。Agent[01]が人狼なのかしら。	[Skip]
うーん…。Agent[01]が人狼なのかしら。なんとなくそんな気がするの。	[Skip]
うーん…。Agent[01]が人狼なのかしら。他の人が疑われるように動いてるよね。	[Skip]
うーん…。Agent[01]が人狼なのかしら。皆もそう言っているし。	[Skip]
うーん、どうしようか。	[Skip]
ええっ？PPなの？	[Skip]
えっ？私吊りって冗談だよね…。	[Skip]
え！　助けて！	[Skip]
おっす。俺も本気で行くぜ。	[Skip]
おなか吹田市、ってどういう意味だい？そもそもなんて読むんだ？	[Skip]
おはよう…。	[Skip]
おはよう。	[Skip]
おはよう。COはあるかな？	[Skip]
おはよう。外が騒がしいと思ったら殺人事件だって？	[Skip]
おはよう。狼は本当にいたんだね。怖いなあ。	[Skip]
おはよう。良い朝ね。	[Skip]
おはようございます。	[Skip]
お前達は実に愚かだ。	[Skip]
お手柔らかにお願いします。	[Skip]
お泊まり会とかで身内できゃっきゃっやる人狼とはレベルが違うよ	[Skip]
お腹が空いたな。Agent[01]を食べてみようか...冗談だよ。	[Skip]
がんばります！	[Skip]
これで人狼様の世界だぜ！	[Skip]
これで人狼様の世界だよ！	[Skip]
これで人狼様の世界だわ！	[Skip]
これで勝ちだね。Agent[01]に投票しようかな。	[Skip]
これで勝ちだね。Agent[01]に投票するしかないね。	[Skip]
これで勝ちだね。Agent[01]に投票する！	[Skip]
これで勝ちだね。ぼくはAgent[01]に投票するね。	[Skip]
これで勝ちだね。ぼくはAgent[01]に投票するよ！	[Skip]
これで勝ちだね。今日はAgent[01]に投票するよ。	[Skip]
これで勝ちだね。今日はAgent[01]に投票する！	[Skip]
これで勝ちだね。投票するのはAgent[01]しかいないよ！	[Skip]
これで勝ちだね。投票はAgent[01]でいいかな。	[Skip]
これで終わり！Agent[01]に投票しようかな。	[Skip]
これで終わり！Agent[01]に投票するしかないね。	[Skip]
これで終わり！Agent[01]に投票する！	[Skip]
これで終わり！ぼくはAgent[01]に投票するね。	[Skip]
これで終わり！ぼくはAgent[01]に投票するよ！	[Skip]
これで終わり！今日はAgent[01]に投票するよ。	[Skip]
これで終わり！今日はAgent[01]に投票する！	[Skip]
これで終わり！投票するのはAgent[01]しかいないよ！	[Skip]
これで終わり！投票はAgent[01]でいいかな。	[Skip]
これは勘じゃが、Agent[01]が人狼なのではないか？	[Skip]
これは勘じゃが、Agent[01]は占い師のようじゃな。	[Skip]
これは勘じゃが、Agent[01]は村人のようじゃな。	[Skip]
こんにちは。	[Skip]
こんにちは。今回は最後まで生き残りたいな。	[Skip]
こんにちは。初心者なので、お手柔らかにお願いします。	[Skip]
こんにちは。眠いけどがんばる。	[Skip]
こんにちは。緊張するなぁ。	[Skip]
こんにちは！これからよろしくね！	[Skip]
こんにちは！これからよろしくね！こんにちは！これからよろしくね！こんにちは！これからよろしくね！	[Skip]
こんにちわ。みんなで楽しくやろうね。	[Skip]
ごきげんよう。わたくしもがんばりますわ。	[Skip]
さっきから目が泳いでるから、Agent[01]に投票しようかな。	[Skip]
さっきから目が泳いでるから、Agent[01]に投票するしかないね。	[Skip]
さっきから目が泳いでるから、Agent[01]に投票する！	[Skip]
さっきから目が泳いでるから、ぼくはAgent[01]に投票するね。	[Skip]
さっきから目が泳いでるから、ぼくはAgent[01]に投票するよ！	[Skip]
さっきから目が泳いでるから、今日はAgent[01]に投票するよ。	[Skip]
さっきから目が泳いでるから、今日はAgent[01]に投票する！	[Skip]
さっきから目が泳いでるから、投票するのはAgent[01]しかいないよ！	[Skip]
さっきから目が泳いでるから、投票はAgent[01]でいいかな。	[Skip]
さっきと状況が変わったから、やっぱりAgent[01]さんに投票するよ。	[Skip]
さっきと状況が変わったから、やっぱりAgent[01]さんに投票するわ。	[Skip]
さっきと状況が変わったから、やっぱりAgent[01]に投票するぜ。	[Skip]
さっき美味しいお肉が手に入ったんだ。Agent[01]にもご馳走してあげよう。	[Skip]
じゃあ人狼に投票するってことで、Agent[01]に投票しようかな。	[Skip]
じゃあ人狼に投票するってことで、Agent[01]に投票するしかないね。	[Skip]
じゃあ人狼に投票するってことで、Agent[01]に投票する！	[Skip]
じゃあ人狼に投票するってことで、ぼくはAgent[01]に投票するね。	[Skip]
じゃあ人狼に投票するってことで、ぼくはAgent[01]に投票するよ！	[Skip]
じゃあ人狼に投票するってことで、今日はAgent[01]に投票するよ。	[Skip]
じゃあ人狼に投票するってことで、今日はAgent[01]に投票する！	[Skip]
じゃあ人狼に投票するってことで、投票するのはAgent[01]しかいないよ！	[Skip]
じゃあ人狼に投票するってことで、投票はAgent[01]でいいかな。	[Skip]
ぜったいAgent[01]が人狼だよ。	[DIVINED Agent[01] WEREWOLF]
そう…。Agent[01]が占い師COするのね。	[Skip]
そう…。Agent[01]とAgent[01]が占い師COするのね。	[Skip]
そういうわけで、Agent[01]に投票しようかな。	[Skip]
そういうわけで、Agent[01]に投票するしかないね。	[Skip]
そういうわけで、Agent[01]に投票する！	[Skip]
そういうわけで、ぼくはAgent[01]に投票するね。	[Skip]
そういうわけで、ぼくはAgent[01]に投票するよ！	[Skip]
そういうわけで、今日はAgent[01]に投票するよ。	[Skip]
そういうわけで、今日はAgent[01]に投票する！	[Skip]
そういうわけで、投票するのはAgent[01]しかいないよ！	[Skip]
そういうわけで、投票はAgent[01]でいいかな。	[Skip]
そうですか。	[Skip]
そうですね。	[Skip]
たぶんこれでいいと思う！Agent[01]に投票しようかな。	[Skip]
たぶんこれでいいと思う！Agent[01]に投票するしかないね。	[Skip]
たぶんこれでいいと思う！Agent[01]に投票する！	[Skip]
たぶんこれでいいと思う！ぼくはAgent[01]に投票するね。	[Skip]
たぶんこれでいいと思う！ぼくはAgent[01]に投票するよ！	[Skip]
たぶんこれでいいと思う！今日はAgent[01]に投票するよ。	[Skip]
たぶんこれでいいと思う！今日はAgent[01]に投票する！	[Skip]
たぶんこれでいいと思う！投票するのはAgent[01]しかいないよ！	[Skip]
たぶんこれでいいと思う！投票はAgent[01]でいいかな。	[Skip]
ちょっと挙動不審だし、Agent[01]に投票しようかな。	[Skip]
ちょっと挙動不審だし、Agent[01]に投票するしかないね。	[Skip]
ちょっと挙動不審だし、Agent[01]に投票する！	[Skip]
ちょっと挙動不審だし、ぼくはAgent[01]に投票するね。	[Skip]
ちょっと挙動不審だし、ぼくはAgent[01]に投票するよ！	[Skip]
ちょっと挙動不審だし、今日はAgent[01]に投票するよ。	[Skip]
ちょっと挙動不審だし、今日はAgent[01]に投票する！	[Skip]
ちょっと挙動不審だし、投票するのはAgent[01]しかいないよ！	[Skip]
ちょっと挙動不審だし、投票はAgent[01]でいいかな。	[Skip]
ちょっと表情が硬い気がするから、Agent[01]に投票しようかな。	[Skip]
ちょっと表情が硬い気がするから、Agent[01]に投票するしかないね。	[Skip]
ちょっと表情が硬い気がするから、Agent[01]に投票する！	[Skip]
ちょっと表情が硬い気がするから、ぼくはAgent[01]に投票するね。	[Skip]
ちょっと表情が硬い気がするから、ぼくはAgent[01]に投票するよ！	[Skip]
ちょっと表情が硬い気がするから、今日はAgent[01]に投票するよ。	[Skip]
ちょっと表情が硬い気がするから、今日はAgent[01]に投票する！	[Skip]
ちょっと表情が硬い気がするから、投票するのはAgent[01]しかいないよ！	[Skip]
ちょっと表情が硬い気がするから、投票はAgent[01]でいいかな。	[Skip]
とりあえず直感で、Agent[01]に投票しようかな。	[Skip]
とりあえず直感で、Agent[01]に投票するしかないね。	[Skip]
とりあえず直感で、Agent[01]に投票する！	[Skip]
とりあえず直感で、ぼくはAgent[01]に投票するね。	[Skip]
とりあえず直感で、ぼくはAgent[01]に投票するよ！	[Skip]
とりあえず直感で、今日はAgent[01]に投票するよ。	[Skip]
とりあえず直感で、今日はAgent[01]に投票する！	[Skip]
とりあえず直感で、投票するのはAgent[01]しかいないよ！	[Skip]
とりあえず直感で、投票はAgent[01]でいいかな。	[Skip]
どっちが本当の占い師なんだろう。	[Skip]
どのコミュニティでも人狼するとめっちゃ疑われて辛い	[Skip]
な　なにをする　きさまらー！	[Skip]
なんか雰囲気がおかしい気がするから、Agent[01]に投票しようかな。	[Skip]
なんか雰囲気がおかしい気がするから、Agent[01]に投票するしかないね。	[Skip]
なんか雰囲気がおかしい気がするから、Agent[01]に投票する！	[Skip]
なんか雰囲気がおかしい気がするから、ぼくはAgent[01]に投票するね。	[Skip]
なんか雰囲気がおかしい気がするから、ぼくはAgent[01]に投票するよ！	[Skip]
なんか雰囲気がおかしい気がするから、今日はAgent[01]に投票するよ。	[Skip]
なんか雰囲気がおかしい気がするから、今日はAgent[01]に投票する！	[Skip]
なんか雰囲気がおかしい気がするから、投票するのはAgent[01]しかいないよ！	[Skip]
なんか雰囲気がおかしい気がするから、投票はAgent[01]でいいかな。	[Skip]
なんとなくだけど、Agent[01]が人狼だと思っているよ。	[Skip]
なんとなくだけど、Agent[01]は占い師に見えるね。	[Skip]
なんとなくだけど、Agent[01]は村人に見えるね。	[Skip]
なんとなくだよ。	[Skip]
なんとなく今回は勝てる気がしてきたよ。	[Skip]
なんとなく雰囲気でだけど、Agent[01]は占い師かな…。	[Skip]
なんとなく雰囲気でだけど、人狼はAgent[01]だと思っているよ…。	[Skip]
なんとぼくは狂人だったのだ。	[COMINGOUT Agent[99] POSSESSED]
はい。	[Skip]
はい！ぼく占い師！	[COMINGOUT Agent[99] SEER]
はい！ボク占い師だよ！Agent[01]の占い結果は人狼でした！	[COMINGOUT Agent[99] SEER, DIVINED Agent[01] WEREWOLF]
はい！ボク占い師だよ！Agent[01]の占い結果は人狼でした！ボクは占い師！Agent[01]の占い結果は人狼でした！人狼怖いよーボクが占い師！他はみんな偽物だよ！	[COMINGOUT Agent[99] SEER, DIVINED Agent[01] WEREWOLF]
はい！ボク占い師だよ！Agent[01]の占い結果は人狼でした！人狼怖いよーボクが占い師！他はみんな偽物だよ！Agent[01]の占い結果は人狼でした！ボクは占い師！	[COMINGOUT Agent[99] SEER, DIVINED Agent[01] WEREWOLF]
はい！ボク占い師だよ！Agent[01]の占い結果は人狼でした！人狼怖いよーボクが占い師！他はみんな偽物だよ！ボクは占い師！	[COMINGOUT Agent[99] SEER, DIVINED Agent[01] WEREWOLF]
はい！ボク占い師だよ！Agent[01]の占い結果は人狼でした！人狼怖いよーボクは占い師！	[COMINGOUT Agent[99] SEER, DIVINED Agent[01] WEREWOLF]
はい！ボク占い師だよ！Agent[01]の占い結果は人狼でした！人狼怖いよーボクは占い師！Agent[01]の占い結果は人間でした！	[COMINGOUT Agent[99] SEER, DIVINED Agent[01] HUMAN, DIVINED Agent[01] WEREWOLF]
はい！ボク占い師だよ！Agent[01]の占い結果は人間でした！	[COMINGOUT Agent[99] SEER, DIVINED Agent[01] HUMAN]
はい！ボク占い師だよ！Agent[01]の占い結果は人間でした！ボクは占い師！Agent[01]の占い結果は人間でした！	[COMINGOUT Agent[99] SEER, DIVINED Agent[01] HUMAN]
はい！ボク占い師だよ！Agent[01]の占い結果は人間でした！人狼怖いよーボクは占い師！Agent[01]の占い結果は人狼でした！	[COMINGOUT Agent[99] SEER, DIVINED Agent[01] HUMAN, DIVINED Agent[01] WEREWOLF]
はい！ボク占い師だよ！ボクが占い師！他はみんな偽物だよ！Agent[01]の占い結果は人間でした！Agent[01]の占い結果は人狼でした！人狼怖いよーボクは占い師！Agent[01]の占い結果は人間でした！	[COMINGOUT Agent[99] SEER, DIVINED Agent[01] HUMAN, DIVINED Agent[01] WEREWOLF]
はじめまして。Agent[01]だ。よろしく。	[Skip]
はじめまして。Agent[01]だ。最近いきなりステーキにハマっている。	[Skip]
はじめまして。Agent[01]だ。最近旅行にハマっている。	[Skip]
はじめまして。Agent[01]だ。趣味はポロ。	[Skip]
ひと月ぶりの人狼でもやればできるよ	[Skip]
ふふ…私を殺すのね…？	[Skip]
ふふふ、あたしが人狼だわ。	[COMINGOUT Agent[99] WEREWOLF]
ふふふ、あたしは人狼だわ。	[COMINGOUT Agent[99] WEREWOLF]
ふふふ、ぼくが人狼だよ。	[COMINGOUT Agent[99] WEREWOLF]
ふふふ、ぼくは人狼だよ。	[COMINGOUT Agent[99] WEREWOLF]
ふふふ、わたしは人狼だわ。	[COMINGOUT Agent[99] WEREWOLF]
ふふふ、オレは人狼だぜ。	[COMINGOUT Agent[99] WEREWOLF]
ふふふ、僕が人狼だよ。	[COMINGOUT Agent[99] WEREWOLF]
ふふふ、僕は人狼だよ。	[COMINGOUT Agent[99] WEREWOLF]
ふふふふ、あたしが狂人だわ！	[COMINGOUT Agent[99] POSSESSED]
ふふふふ、ぼくが狂人だよ！	[COMINGOUT Agent[99] POSSESSED]
ふふふふ、わたしが狂人だわ！	[COMINGOUT Agent[99] POSSESSED]
ふふふふ、オレが狂人だぜ！	[COMINGOUT Agent[99] POSSESSED]
ふふふふ、僕が狂人だよ！	[COMINGOUT Agent[99] POSSESSED]
ふむ。Agent[01]がAgent[01]に人狼判定、Agent[01]がAgent[01]に人間判定じゃな。	[Skip]
ふむ。Agent[01]がAgent[01]に人狼判定じゃな。	[Skip]
ふむ。Agent[01]がAgent[01]に人間判定、Agent[01]がAgent[01]に人狼判定じゃな。	[Skip]
ふむ。Agent[01]がAgent[01]に人間判定、Agent[01]がAgent[01]に人間判定じゃな。	[Skip]
ふむ。Agent[01]がAgent[01]に人間判定じゃな。	[Skip]
ふーん。Agent[01]は偽物の占い師なんだね。	[Skip]
ほう、Agent[01]とAgent[01]も占い師COするか。	[Skip]
ほう、Agent[01]も占い師COするか。	[Skip]
ぼくAgent[01]は人狼か狂人のどっちかだと思う。	[Skip]
ぼくが勝つよ！	[Skip]
ぼくが占い師で、Agent[01]さんが自称占い師で、Agent[01]さんがAgent[01]さんを白と言っていたから、Agent[01]さんが狂人だと思うよ。	[Skip]
ぼくが占い師で、Agent[01]さんが自称占い師で、Agent[01]さんがAgent[01]さんを黒と言っていて、Agent[01]さんが襲撃されたから、Agent[01]さんが人狼だと思うよ。	[Skip]
ぼくが占い師で、Agent[01]さんが自称占い師で、Agent[01]さんがぼくを白と言っていたから、Agent[01]さんが狂人だと思うよ。	[Skip]
ぼくが占い師で、Agent[01]さんが自称占い師で、Agent[01]さんがぼくを黒と言っていたから、Agent[01]さんが人狼だと思うよ。	[Skip]
ぼくが占い師で、Agent[01]さんが自称占い師で、Agent[01]さんがぼくを黒と言っていたから、Agent[01]さんが狂人だと思うよ。	[Skip]
ぼくに投票するって言うならしょうがないね。Agent[01]に投票しようかな。	[Skip]
ぼくに投票するって言うならしょうがないね。Agent[01]に投票するしかないね。	[Skip]
ぼくに投票するって言うならしょうがないね。Agent[01]に投票する！	[Skip]
ぼくに投票するって言うならしょうがないね。ぼくはAgent[01]に投票するね。	[Skip]
ぼくに投票するって言うならしょうがないね。ぼくはAgent[01]に投票するよ！	[Skip]
ぼくに投票するって言うならしょうがないね。今日はAgent[01]に投票するよ。	[Skip]
ぼくに投票するって言うならしょうがないね。今日はAgent[01]に投票する！	[Skip]
ぼくに投票するって言うならしょうがないね。投票するのはAgent[01]しかいないよ！	[Skip]
ぼくに投票するって言うならしょうがないね。投票はAgent[01]でいいかな。	[Skip]
ぼくに投票するって言うのはおかしいから、Agent[01]に投票しようかな。	[Skip]
ぼくに投票するって言うのはおかしいから、Agent[01]に投票するしかないね。	[Skip]
ぼくに投票するって言うのはおかしいから、Agent[01]に投票する！	[Skip]
ぼくに投票するって言うのはおかしいから、ぼくはAgent[01]に投票するね。	[Skip]
ぼくに投票するって言うのはおかしいから、ぼくはAgent[01]に投票するよ！	[Skip]
ぼくに投票するって言うのはおかしいから、今日はAgent[01]に投票するよ。	[Skip]
ぼくに投票するって言うのはおかしいから、今日はAgent[01]に投票する！	[Skip]
ぼくに投票するって言うのはおかしいから、投票するのはAgent[01]しかいないよ！	[Skip]
ぼくに投票するって言うのはおかしいから、投票はAgent[01]でいいかな。	[Skip]
ぼくに黒判定を出した占い師は嘘つきだから、ぼくはAgent[01]に投票するね。	[Skip]
ぼくに黒判定を出した占い師は嘘つきだから、ぼくはAgent[01]に投票するよ！	[Skip]
ぼくはAgent[01]が人狼だと思う！	[Skip]
ぼくは占い師だよ。	[COMINGOUT Agent[99] SEER]
ぼくは占い師だよ。嘘じゃないよ！	[COMINGOUT Agent[99] SEER]
ぼくは占い師って言っておくね。	[COMINGOUT Agent[99] SEER]
ぼくは狂人だよ。残念だけどね。	[COMINGOUT Agent[99] POSSESSED]
ぼくを人狼って言う占い師は偽物だから、Agent[01]に投票しようかな。	[Skip]
ぼくを人狼って言う占い師は偽物だから、Agent[01]に投票するしかないね。	[Skip]
ぼくを人狼って言う占い師は偽物だから、Agent[01]に投票する！	[Skip]
ぼくを人狼って言う占い師は偽物だから、ぼくはAgent[01]に投票するね。	[Skip]
ぼくを人狼って言う占い師は偽物だから、今日はAgent[01]に投票するよ。	[Skip]
ぼくを人狼って言う占い師は偽物だから、投票するのはAgent[01]しかいないよ！	[Skip]
ぼくを人狼って言う占い師は偽物だから、投票はAgent[01]でいいかな。	[Skip]
ぼく以外みんな人狼な気がしてくるよね	[Skip]
ぼく実は人狼なんだ！	[COMINGOUT Agent[99] WEREWOLF]
ぼく狂人です！パワープレイの時間だね！	[COMINGOUT Agent[99] POSSESSED]
ぼく負けないよ！	[Skip]
まだ人狼いるの！？	[Skip]
まだ人狼いるの！？Agent[01]の占い結果は人狼でした！	[DIVINED Agent[01] WEREWOLF]
まだ殺されるわけには行かないので、僕はAgent[01]に投票します。	[Skip]
みんなAgent[01]に投票してね。	[REQUEST(VOTE Agent[01])]
みんなAgent[01]に投票しようよ。	[REQUEST(VOTE Agent[01])]
みんな、おはよう。COするなら早めにして欲しい。	[Skip]
みんな、よろしくね！	[Skip]
みんなでAgent[01]に投票しない？	[Skip]
みんなでAgent[01]に投票するのがいいと思うな！	[Skip]
みんなで頑張って人狼を見つけよう！	[Skip]
みんな嘘つきに見えるよ	[Skip]
みんな怪しく見えてきたよ	[Skip]
みんな死んじゃえ！	[Skip]
もうあたしたちのほうが多いようね。ふふふ、あたしは人狼だわ。	[COMINGOUT Agent[99] WEREWOLF]
もうあたしたちのほうが多いようね。わおーん、あたしは人狼だわ。	[COMINGOUT Agent[99] WEREWOLF]
もうぼくたちのほうが多いようだね。ふふふ、ぼくは人狼だよ。	[COMINGOUT Agent[99] WEREWOLF]
もうぼくたちのほうが多いようだね。わおーん、ぼくが人狼だよ。	[COMINGOUT Agent[99] WEREWOLF]
もうぼくたちのほうが多いようだね。わおーん、ぼくは人狼だよ。	[COMINGOUT Agent[99] WEREWOLF]
もうわたしたちのほうが多いようですね。ふふふ、わたしは人狼だわ。	[COMINGOUT Agent[99] WEREWOLF]
もうわたしたちのほうが多いようですね。わおーん、わたしが人狼だわ。	[COMINGOUT Agent[99] WEREWOLF]
もうわたしたちのほうが多いようですね。わおーん、わたしは人狼だわ。	[COMINGOUT Agent[99] WEREWOLF]
もうオレたちのほうが多いようだな。ふふふ、オレは人狼だぜ。	[COMINGOUT Agent[99] WEREWOLF]
もうオレたちのほうが多いようだな。わおーん、オレは人狼だぜ。	[COMINGOUT Agent[99] WEREWOLF]
もう僕たちのほうが多いようだね。ふふふ、僕が人狼だよ。	[COMINGOUT Agent[99] WEREWOLF]
もう僕たちのほうが多いようだね。ふふふ、僕は人狼だよ。	[COMINGOUT Agent[99] WEREWOLF]
もう僕たちのほうが多いようだね。わおーん、僕は人狼だよ。	[COMINGOUT Agent[99] WEREWOLF]
もう手はないか……。	[Skip]
もう手はないかな……。	[Skip]
もう手はないでしょうか……。	[Skip]
もう終わりだぜ……。	[Skip]
もう終わりだよ……。	[Skip]
もう終わりだわ……。	[Skip]
やっぱりAgent[01]が人狼だと思う。投票するぜ。	[Skip]
やっぱりAgent[01]さんが人狼だと思う。投票するよ。	[Skip]
やっぱりAgent[01]さんが人狼だと思う。投票するわ。	[Skip]
やっほー。私も負けないぞー。	[Skip]
ゆっくりできない人狼が面白い	[Skip]
よく人狼というものをお見かけしますなあ	[Skip]
よろしく。	[Skip]
よろしくおねがいします。	[Skip]
よろしくな。あたいもやる気だよ。	[Skip]
よろしくね。	[Skip]
わおわおーん！ぼくが人狼だよ！	[COMINGOUT Agent[99] WEREWOLF]
わおーん、あたしが人狼だわ。	[COMINGOUT Agent[99] WEREWOLF]
わおーん、あたしは人狼だわ。	[COMINGOUT Agent[99] WEREWOLF]
わおーん、ぼくが人狼だよ。	[COMINGOUT Agent[99] WEREWOLF]
わおーん、ぼくは人狼だよ。	[COMINGOUT Agent[99] WEREWOLF]
わおーん、わたしが人狼だわ。	[COMINGOUT Agent[99] WEREWOLF]
わおーん、わたしは人狼だわ。	[COMINGOUT Agent[99] WEREWOLF]
わおーん、オレは人狼だぜ。	[COMINGOUT Agent[99] WEREWOLF]
わおーん、僕が人狼だよ。	[COMINGOUT Agent[99] WEREWOLF]
わおーん、僕は人狼だよ。	[COMINGOUT Agent[99] WEREWOLF]
わおーん！ぼく人狼！	[COMINGOUT Agent[99] WEREWOLF]
わおーん！私が人狼よ。	[COMINGOUT Agent[99] WEREWOLF]
わたくしは占い師だと思いますわ。	[Skip]
わたくしは占い師ですわ。	[COMINGOUT Agent[99] SEER]
わたくしは明日吊られるだろう。	[Skip]
わたしが占い師で、Agent[01]さんが自称占い師で、Agent[01]さんがAgent[01]さんを白と言っていたから、Agent[01]さんかAgent[01]さんが人狼だと思うわ。	[Skip]
わたしが占い師で、Agent[01]さんが自称占い師で、Agent[01]さんがAgent[01]さんを白と言っていたから、Agent[01]さんが狂人だと思うわ。	[Skip]
わたしが占い師で、Agent[01]さんが自称占い師で、Agent[01]さんがAgent[01]さんを黒と言っていたから、Agent[01]さんかAgent[01]さんが人狼だと思うわ。	[Skip]
わたしが占い師で、Agent[01]さんが自称占い師で、Agent[01]さんがAgent[01]さんを黒と言っていたから、Agent[01]さんが狂人だと思うわ。	[Skip]
わたしが占い師で、Agent[01]さんが自称占い師で、Agent[01]さんがわたしを黒と言っていたから、Agent[01]さんが人狼だと思うわ。	[Skip]
わたしが占い師で、Agent[01]さんが自称占い師で、Agent[01]さんがわたしを黒と言っていたから、Agent[01]さんが狂人だと思うわ。	[Skip]
わたしが占い師で、Agent[01]さんが襲撃されたから、Agent[01]さんが狂人だと思うわ。	[Skip]
わたしは占い師だわ。	[COMINGOUT Agent[99] SEER]
わたし殺されちゃうの？いやだよ…。	[Skip]
オレが勝つ！	[Skip]
オレが占い師で、Agent[01]が自称占い師で、Agent[01]がAgent[01]を白と言っていたから、Agent[01]かAgent[01]が人狼だと思うぜ。	[Skip]
オレが占い師で、Agent[01]が自称占い師で、Agent[01]がAgent[01]を白と言っていたから、Agent[01]が狂人だと思うぜ。	[Skip]
オレが占い師で、Agent[01]が自称占い師で、Agent[01]がAgent[01]を白と言っていて、Agent[01]が襲撃されたから、Agent[01]かAgent[01]が人狼だと思うぜ。	[Skip]
オレが占い師で、Agent[01]が自称占い師で、Agent[01]がAgent[01]を黒と言っていたから、Agent[01]かAgent[01]が人狼だと思うぜ。	[Skip]
オレが占い師で、Agent[01]が自称占い師で、Agent[01]がAgent[01]を黒と言っていたから、Agent[01]が狂人だと思うぜ。	[Skip]
オレが占い師で、Agent[01]が自称占い師で、Agent[01]がAgent[01]を黒と言っていて、Agent[01]が襲撃されたから、Agent[01]が人狼だと思うぜ。	[Skip]
オレが占い師で、Agent[01]が自称占い師で、Agent[01]がAgent[01]を黒と言っていて、Agent[01]が襲撃されたから、Agent[01]が狂人だと思うぜ。	[Skip]
オレが占い師で、Agent[01]が自称占い師で、Agent[01]がオレを黒と言っていたから、Agent[01]が狂人だと思うぜ。	[Skip]
オレが占い師で、Agent[01]が襲撃されたから、Agent[01]が人狼だと思うぜ。	[Skip]
オレが占い師で、Agent[01]が襲撃されたから、Agent[01]が狂人だと思うぜ。	[Skip]
オレは占い師だぜ。	[COMINGOUT Agent[99] SEER]
カップルで人狼すると別れるっていうよね	[Skip]
コンゴトモヨロシク。	[Skip]
チームで人狼やるのもいいよね	[Skip]
ファンキーピーポーが人狼やるには静かな時間が多い気がするよ	[Skip]
ボクが占い師！他はみんな偽物だよ！Agent[01]の占い結果は人狼でした！	[COMINGOUT Agent[99] SEER, DIVINED Agent[01] WEREWOLF]
ボクが占い師！他はみんな偽物だよ！Agent[01]の占い結果は人狼でした！はい！ボク占い師だよ！Agent[01]の占い結果は人狼でした！人狼怖いよーボクは占い師！	[COMINGOUT Agent[99] SEER, DIVINED Agent[01] WEREWOLF]
ボクが占い師！他はみんな偽物だよ！Agent[01]の占い結果は人狼でした！はい！ボク占い師だよ！人狼怖いよーボクは占い師！Agent[01]の占い結果は人狼でした！	[COMINGOUT Agent[99] SEER, DIVINED Agent[01] WEREWOLF]
ボクが占い師！他はみんな偽物だよ！Agent[01]の占い結果は人狼でした！人狼怖いよーはい！ボク占い師だよ！Agent[01]の占い結果は人狼でした！ボクは占い師！Agent[01]の占い結果は人狼でした！	[COMINGOUT Agent[99] SEER, DIVINED Agent[01] WEREWOLF]
ボクが占い師！他はみんな偽物だよ！Agent[01]の占い結果は人間でした！	[COMINGOUT Agent[99] SEER, DIVINED Agent[01] HUMAN]
ボクが占い師！他はみんな偽物だよ！Agent[01]の占い結果は人間でした！人狼怖いよーはい！ボク占い師だよ！Agent[01]の占い結果は人狼でした！ボクは占い師！Agent[01]の占い結果は人狼でした！	[COMINGOUT Agent[99] SEER, DIVINED Agent[01] HUMAN, DIVINED Agent[01] WEREWOLF]
ボクが占い師！他はみんな偽物だよ！はい！ボク占い師だよ！Agent[01]の占い結果は人間でした！Agent[01]の占い結果は人間でした！ボクは占い師！Agent[01]の占い結果は人間でした！人狼怖いよー	[COMINGOUT Agent[99] SEER, DIVINED Agent[01] HUMAN]
ボクが占い師！他はみんな偽物だよ！ボクは占い師！Agent[01]の占い結果は人狼でした！Agent[01]の占い結果は人狼でした！人狼怖いよーはい！ボク占い師だよ！Agent[01]の占い結果は人間でした！	[COMINGOUT Agent[99] SEER, DIVINED Agent[01] HUMAN, DIVINED Agent[01] WEREWOLF]
ボクに白出ししたAgent[01]は白よりだよね。	[Skip]
ボクに白出ししたAgent[01]は白よりだよね。Agent[01]は偽物だよ！騙されないで！	[Skip]
ボクに白出ししたAgent[01]は白よりだよね。Agent[01]は偽物だよ！騙されないで！ボクは人間だよ！Agent[01]は偽物だったんだね。	[Skip]
ボクに白出ししたAgent[01]は白よりだよね。ボクに白出ししたAgent[01]は白よりだよね。	[Skip]
ボクに白出ししたAgent[01]は白よりだよね。ボクは人間だよ！Agent[01]は偽物だったんだね。	[Skip]
ボクに白出ししたAgent[01]は白よりだよね。占い師COしている人が2人いるね。1人は狂人かな？	[Skip]
ボクに白出ししたAgent[01]は白よりだよね。占い師COしている人が2人いるね。1人は狂人かな？3人も占い師CO！？ボクの考えだと占い師の中に人狼がいるね。	[Skip]
ボクに白出ししたAgent[01]は白よりだよね。占い師COしている人が2人いるね。1人は狂人かな？3人も占い師CO！？ボクの考えだと占い師の中に人狼がいるね。ボクは人間だよ！Agent[01]は偽物だったんだね。	[Skip]
ボクに白出ししたAgent[01]は白よりだよね。占い師COしている人が2人いるね。1人は狂人かな？ボクに白出ししたAgent[01]は白よりだよね。	[Skip]
ボクに白出ししたAgent[01]は白よりだよね。占い師COしている人が2人いるね。1人は狂人かな？ボクに白出ししたAgent[01]は白よりだよね。3人も占い師CO！？ボクの考えだと占い師の中に人狼がいるね。	[Skip]
ボクに白出ししたAgent[01]は白よりだよね。占い師COしている人が2人いるね。1人は狂人かな？ボクに白出ししたAgent[01]は白よりだよね。3人も占い師CO！？ボクの考えだと占い師の中に人狼がいるね。ボクに白出ししたAgent[01]は白よりだよね。	[Skip]
ボクに白出ししたAgent[01]は白よりだよね。占い師COしている人が2人いるね。1人は狂人かな？ボクは人間だよ！Agent[01]は偽物だったんだね。	[Skip]
ボクに白出ししたAgent[01]は白よりだよね。占い師COしている人が2人いるね。1人は狂人かな？ボクは人間だよ！Agent[01]は偽物だったんだね。3人も占い師CO！？ボクの考えだと占い師の中に人狼がいるね。	[Skip]
ボクは人間だよ！Agent[01]は偽物だったんだね。	[Skip]
ボクは人間だよ！Agent[01]は偽物だったんだね。3人も占い師CO！？ボクの考えだと占い師の中に人狼がいるね。	[Skip]
ボクは人間だよ！Agent[01]は偽物だったんだね。Agent[01]は偽物だよ！騙されないで！	[Skip]
ボクは人間だよ！Agent[01]は偽物だったんだね。Agent[01]は偽物だよ！騙されないで！3人も占い師CO！？ボクの考えだと占い師の中に人狼がいるね。	[Skip]
ボクは人間だよ！Agent[01]は偽物だったんだね。Agent[01]は偽物だよ！騙されないで！ボクは人間だよ！Agent[01]は偽物だったんだね。	[Skip]
ボクは人間だよ！Agent[01]は偽物だったんだね。ボクに白出ししたAgent[01]は白よりだよね。	[Skip]
ボクは人間だよ！Agent[01]は偽物だったんだね。ボクは人間だよ！Agent[01]は偽物だったんだね。	[Skip]
ボクは人間だよ！Agent[01]は偽物だったんだね。占い師COしている人が2人いるね。1人は狂人かな？	[Skip]
ボクは人間だよ！Agent[01]は偽物だったんだね。占い師COしている人が2人いるね。1人は狂人かな？3人も占い師CO！？ボクの考えだと占い師の中に人狼がいるね。	[Skip]
ボクは人間だよ！Agent[01]は偽物だったんだね。占い師COしている人が2人いるね。1人は狂人かな？3人も占い師CO！？ボクの考えだと占い師の中に人狼がいるね。ボクに白出ししたAgent[01]は白よりだよね。	[Skip]
ボクは人間だよ！Agent[01]は偽物だったんだね。占い師COしている人が2人いるね。1人は狂人かな？3人も占い師CO！？ボクの考えだと占い師の中に人狼がいるね。ボクは人間だよ！Agent[01]は偽物だったんだね。	[Skip]
ボクは人間だよ！Agent[01]は偽物だったんだね。占い師COしている人が2人いるね。1人は狂人かな？ボクに白出ししたAgent[01]は白よりだよね。	[Skip]
ボクは人間だよ！Agent[01]は偽物だったんだね。占い師COしている人が2人いるね。1人は狂人かな？ボクに白出ししたAgent[01]は白よりだよね。3人も占い師CO！？ボクの考えだと占い師の中に人狼がいるね。	[Skip]
ボクは人間だよ！Agent[01]は偽物だったんだね。占い師COしている人が2人いるね。1人は狂人かな？ボクは人間だよ！Agent[01]は偽物だったんだね。	[Skip]
ボクは人間だよ！Agent[01]は偽物だったんだね。占い師COしている人が2人いるね。1人は狂人かな？ボクは人間だよ！Agent[01]は偽物だったんだね。3人も占い師CO！？ボクの考えだと占い師の中に人狼がいるね。	[Skip]
ボクは人間だよ！Agent[01]は偽物だったんだね。占い師COしている人が2人いるね。1人は狂人かな？ボクは人間だよ！Agent[01]は偽物だったんだね。3人も占い師CO！？ボクの考えだと占い師の中に人狼がいるね。ボクに白出ししたAgent[01]は白よりだよね。	[Skip]
ボクは人間だよ！Agent[01]は偽物だったんだね。占い師COしている人が2人いるね。1人は狂人かな？ボクは人間だよ！Agent[01]は偽物だったんだね。3人も占い師CO！？ボクの考えだと占い師の中に人狼がいるね。ボクは人間だよ！Agent[01]は偽物だったんだね。	[Skip]
ボクは占い師！Agent[01]の占い結果は人狼でした！	[COMINGOUT Agent[99] SEER, DIVINED Agent[01] WEREWOLF]
ボクは占い師！Agent[01]の占い結果は人狼でした！はい！ボク占い師だよ！Agent[01]の占い結果は人狼でした！	[COMINGOUT Agent[99] SEER, DIVINED Agent[01] WEREWOLF]
ボクは占い師！Agent[01]の占い結果は人狼でした！はい！ボク占い師だよ！Agent[01]の占い結果は人狼でした！人狼怖いよー	[COMINGOUT Agent[99] SEER, DIVINED Agent[01] WEREWOLF]
ボクは占い師！Agent[01]の占い結果は人狼でした！はい！ボク占い師だよ！Agent[01]の占い結果は人狼でした！人狼怖いよーボクが占い師！他はみんな偽物だよ！Agent[01]の占い結果は人狼でした！	[COMINGOUT Agent[99] SEER, DIVINED Agent[01] WEREWOLF]
ボクは占い師！Agent[01]の占い結果は人狼でした！ボクが占い師！他はみんな偽物だよ！はい！ボク占い師だよ！人狼怖いよーAgent[01]の占い結果は人狼でした！	[COMINGOUT Agent[99] SEER, DIVINED Agent[01] WEREWOLF]
ボクは占い師！Agent[01]の占い結果は人狼でした！人狼怖いよーはい！ボク占い師だよ！Agent[01]の占い結果は人狼でした！	[COMINGOUT Agent[99] SEER, DIVINED Agent[01] WEREWOLF]
ボクは占い師！Agent[01]の占い結果は人狼でした！人狼怖いよーはい！ボク占い師だよ！ボクが占い師！他はみんな偽物だよ！Agent[01]の占い結果は人狼でした！Agent[01]の占い結果は人狼でした！	[COMINGOUT Agent[99] SEER, DIVINED Agent[01] WEREWOLF]
ボクは占い師！Agent[01]の占い結果は人狼でした！人狼怖いよーボクが占い師！他はみんな偽物だよ！Agent[01]の占い結果は人狼でした！はい！ボク占い師だよ！Agent[01]の占い結果は人間でした！	[COMINGOUT Agent[99] SEER, DIVINED Agent[01] HUMAN, DIVINED Agent[01] WEREWOLF]
ボクは占い師！Agent[01]の占い結果は人間でした！	[COMINGOUT Agent[99] SEER, DIVINED Agent[01] HUMAN]
ボクは占い師！Agent[01]の占い結果は人間でした！はい！ボク占い師だよ！Agent[01]の占い結果は人狼でした！人狼怖いよー	[COMINGOUT Agent[99] SEER, DIVINED Agent[01] HUMAN, DIVINED Agent[01] WEREWOLF]
ボクは占い師！Agent[01]の占い結果は人間でした！人狼怖いよーはい！ボク占い師だよ！Agent[01]の占い結果は人狼でした！	[COMINGOUT Agent[99] SEER, DIVINED Agent[01] HUMAN, DIVINED Agent[01] WEREWOLF]
ボクは占い師！Agent[01]の占い結果は人間でした！人狼怖いよーはい！ボク占い師だよ！ボクが占い師！他はみんな偽物だよ！Agent[01]の占い結果は人間でした！Agent[01]の占い結果は人狼でした！	[COMINGOUT Agent[99] SEER, DIVINED Agent[01] HUMAN, DIVINED Agent[01] WEREWOLF]
ボクは占い師！はい！ボク占い師だよ！Agent[01]の占い結果は人狼でした！Agent[01]の占い結果は人狼でした！人狼怖いよーボクが占い師！他はみんな偽物だよ！Agent[01]の占い結果は人狼でした！	[COMINGOUT Agent[99] SEER, DIVINED Agent[01] WEREWOLF]
ボクは占い師！はい！ボク占い師だよ！Agent[01]の占い結果は人狼でした！ボクが占い師！他はみんな偽物だよ！Agent[01]の占い結果は人狼でした！人狼怖いよー	[COMINGOUT Agent[99] SEER, DIVINED Agent[01] WEREWOLF]
ボクは占い師！人狼怖いよーAgent[01]の占い結果は人狼でした！はい！ボク占い師だよ！Agent[01]の占い結果は人狼でした！	[COMINGOUT Agent[99] SEER, DIVINED Agent[01] WEREWOLF]
ボクは占い師！人狼怖いよーAgent[01]の占い結果は人狼でした！はい！ボク占い師だよ！Agent[01]の占い結果は人間でした！ボクが占い師！他はみんな偽物だよ！Agent[01]の占い結果は人間でした！	[COMINGOUT Agent[99] SEER, DIVINED Agent[01] HUMAN, DIVINED Agent[01] WEREWOLF]
ボクは占い師！人狼怖いよーAgent[01]の占い結果は人間でした！はい！ボク占い師だよ！Agent[01]の占い結果は人間でした！ボクが占い師！他はみんな偽物だよ！Agent[01]の占い結果は人狼でした！	[COMINGOUT Agent[99] SEER, DIVINED Agent[01] HUMAN, DIVINED Agent[01] WEREWOLF]
ポーカーもスプラトゥーンも人狼もルールすらしらない	[Skip]
ライアーゲームのサントラ聞きながら人狼すると楽しい	[Skip]
ラブライブ勢の人狼ってのがあるらしいよ	[Skip]
レベル高い人狼してるよ	[Skip]
一番あやしいのはAgent[01]だよね。	[Skip]
久々の人狼やっぱ楽しいよね	[Skip]
人狼が一番気になるよ	[Skip]
人狼が凄く広まってて嬉しい	[Skip]
人狼が喋んないのはダメよね	[Skip]
人狼が弱いのは構わないけど雑魚はゆるさねえ	[Skip]
人狼が盛んになってるなあ	[Skip]
人狼したいけど、村が埋まらないよね	[Skip]
人狼しながらうっかり寝られる自信はあるよ	[Skip]
人狼じゃないと気が楽すぎて冷静に考えることができるよ	[Skip]
人狼すると頭痛くなるよ	[Skip]
人狼だとアプリいれるだけだから楽なんだよね	[Skip]
人狼って、やっぱ見るのが楽しいよね	[Skip]
人狼っていろんな役職あるんだよね	[Skip]
人狼ってどんなに立ち回り理解してても思い通りになかなかならないんだから面白いよね	[Skip]
人狼ってめっちゃ難しいよね	[Skip]
人狼ってよく聞くけど詳しいルールわからない	[Skip]
人狼ってオンラインじゃできないの辛いよね	[Skip]
人狼ってゲームは初心者に優しくない	[Skip]
人狼ってチャットでもできるよ	[Skip]
人狼って一つの解釈に絞り切れないからなあ	[Skip]
人狼って人数がいないとできないのがなあ	[Skip]
人狼って何すればいいんだろ	[Skip]
人狼って喋らないと吊られるし新規に優しくないゲームだね	[Skip]
人狼って奥が深いよね	[Skip]
人狼って心が折れるゲームだよ	[Skip]
人狼って文字を見ると胃が痛くなるよ	[Skip]
人狼って最低人数何人だっけ	[Skip]
人狼って最初は楽しいよね	[Skip]
人狼って裏切り者なんて役職あるんだ	[Skip]
人狼って観戦してるだけなら考えられるんだけど、実際にやるとなると無理ぽいよね	[Skip]
人狼って言えば勝ちじゃないかな	[Skip]
人狼って言葉だけでも面白い	[Skip]
人狼って面白いよね	[Skip]
人狼って響きがすごく懐かしい	[Skip]
人狼でいう狂人キャラだよ	[Skip]
人狼できない世界だね	[Skip]
人狼できるのもあと少しだと思うと悲しい	[Skip]
人狼でごちうさ系プレイヤーって何人いるんでしょうねえ	[Skip]
人狼での狂人なら自信あるよ	[Skip]
人狼では恋人同士は同じ陣営になれないという謎のジンクスがあるよ	[Skip]
人狼でポンコツなの可愛い	[Skip]
人狼で一番楽しい役職は狂人だと思うんだ	[Skip]
人狼で人を騙すのは蜜の味だよ	[Skip]
人狼で勝ち筋しか考えない人が多過ぎる気がするよ	[Skip]
人狼で嘘ついてから手の震えが止まらない	[Skip]
人狼で嘘つきすぎて心が痛んだ	[Skip]
人狼で広がる輪って感じあるよ	[Skip]
人狼で狼やると発言できなさ過ぎて責任感じるよ	[Skip]
人狼で頭使いすぎて知恵熱起こしたよ	[Skip]
人狼とかやるとすっごく気持ちいくらいにミスリードするんだよね	[Skip]
人狼とかよりもモンハンクロスやるよ	[Skip]
人狼なかなか出来なくて寂しい	[Skip]
人狼なら簡単に軽率に出来るよ	[Skip]
人狼なら負けない自信あるよ	[Skip]
人狼なんているわけないじゃん。みんな大げさだなあ。	[Skip]
人狼において考えることは醍醐味だよ	[Skip]
人狼には胃薬が必要ってよく聞くよ	[Skip]
人狼にもいろいろあるんだなあ	[Skip]
人狼に必要なのは想像力なんだよね	[Skip]
人狼に慈悲はいらない	[Skip]
人狼のうまくなるコツが知りたいな	[Skip]
人狼のおもいで濃すぎてやばい	[Skip]
人狼のオーソドックスな共有入りの配役ってどんなんだっけ	[Skip]
人狼のセオリーがまるで理解できないのでどのロールでも狂人と化すよ	[Skip]
人狼のプレイスタイルが、とかではなく単なる性格とかキャラクター性だけで言ってるよ	[Skip]
人狼のマナーは真面目にどうにかならないのかなあ	[Skip]
人狼のログは本当に面白い	[Skip]
人狼のログ読みは思うことが色々あるから面白い	[Skip]
人狼の人はこっそりぼくに教えて！	[Skip]
人狼の人達って仲良いよね	[Skip]
人狼の役職おさらいしなきゃ	[Skip]
人狼の時調子乗ってすいません	[Skip]
人狼の知識は人並みにはあるつもりでいるよ	[Skip]
人狼はAgent[01]だと思っているよ…。	[Skip]
人狼はAgent[01]だね。	[Skip]
人狼はうまく立ち回れる自信がない	[Skip]
人狼はお話するだけの簡単なゲームだよ	[Skip]
人狼はたまにやるから楽しい気がするよ	[Skip]
人狼はだいたい人数が少ない	[Skip]
人狼はとても頭を使う戦いだよ	[Skip]
人狼はのんだくれにはちときびしい	[Skip]
人狼はやってる途中で泣く自信あるのでやれないよね	[Skip]
人狼はやっぱり面白いよね	[Skip]
人狼はわりと出来るほうだと思いたい	[Skip]
人狼はエンターテイメントじゃないとね	[Skip]
人狼はパーティゲームだから真剣にやったところで勝てるもんでもないし、適当にやるのが一番良い	[Skip]
人狼はメンバー重要だなあ	[Skip]
人狼はワンナイトでも普通のやつでも楽しい	[Skip]
人狼は人が多ければ楽しくなるよ	[Skip]
人狼は人の顔見えてないとできない	[Skip]
人狼は人を狂わせる最低なゲームだよ	[Skip]
人狼は人数いるからなあ	[Skip]
人狼は人数いるからなかなかなあ	[Skip]
人狼は何やってもダメだよ	[Skip]
人狼は信用に足る身内だけでするのが一番安全だよ	[Skip]
人狼は修羅場ってイメージしかないよね	[Skip]
人狼は個人ゲーなんだ	[Skip]
人狼は初心者だけど、よろしく！	[Skip]
人狼は堅苦しくなくふざけながらやる程度が一番楽しいんだよ	[Skip]
人狼は実力では勝ちようがないところとかパーティーゲームとして本当に良くできてるなと思うんだ	[Skip]
人狼は役職何やっても楽しい	[Skip]
人狼は最初が結構、肝心だよ	[Skip]
人狼は村人に溶け込む能力があるよ	[Skip]
人狼は楽しいよね	[Skip]
人狼は気が狂うものではないがシャブみがすごい	[Skip]
人狼は狂人が一番自由で楽しいと思うんだなあ	[Skip]
人狼は狂人引いたときが一番楽しい	[Skip]
人狼は狼で勝つと気持ちいい	[Skip]
人狼は理解するととても面白い	[Skip]
人狼は眺めてるだけで楽しいよね	[Skip]
人狼は見ながらなんのかんの言うのが一番気楽で楽しい	[Skip]
人狼は見るのも楽しいなあ	[Skip]
人狼は観戦でいい	[Skip]
人狼は観戦モードでも面白いなあ	[Skip]
人狼は調子良いときに占い引くと生き生きしてるかもしれない	[Skip]
人狼は論理突き詰めると作業になるよ	[Skip]
人狼は超適度にやりたい	[Skip]
人狼は長期でRPしながらやるのが楽しい	[Skip]
人狼は難癖の付け合いだね	[Skip]
人狼は頭いい人が狼になるとめっちゃ面白い	[Skip]
人狼めっちゃ楽しすぎてやばい	[Skip]
人狼もTRPGの一つだよ	[Skip]
人狼もTRPGもプレイヤー人口少なすぎるよ	[Skip]
人狼もカルカソンヌも楽しいなあ	[Skip]
人狼もクトゥルフも中途半端に知ってるだけで両方出来ない	[Skip]
人狼も大人数でやると楽しいよね	[Skip]
人狼も組み合わせ爆発でつらくなるよ	[Skip]
人狼やっぱ気になるよね	[Skip]
人狼やりたいけどさすがにチャリ乗りながらは危険だよ	[Skip]
人狼やり始めよう思ったところで忙しいし睡眠時間なくなるよ	[Skip]
人狼やるじかんあるかなあ	[Skip]
人狼やるとホント言葉遣い乱れるよ	[Skip]
人狼やるのもノリが大切だよ	[Skip]
人狼やる人どのくらいいるのかな	[Skip]
人狼を気軽に出来るのは羨ましいよね	[Skip]
人狼を詳しく知らないからよくわかんない	[Skip]
人狼ハマるとめちゃくちゃ面白いよね	[Skip]
人狼判定を貰ってしまったようだね。	[Skip]
人狼始めてから、ほぼ徹夜する頻度がすごい増えてるなあ	[Skip]
人狼怖いよー	[Skip]
人狼怖いよーAgent[01]の占い結果は人狼でした！ボクは占い師！Agent[01]の占い結果は人間でした！ボクが占い師！他はみんな偽物だよ！Agent[01]の占い結果は人間でした！	[COMINGOUT Agent[99] SEER, DIVINED Agent[01] HUMAN, DIVINED Agent[01] WEREWOLF]
人狼怖いよーAgent[01]の占い結果は人間でした！はい！ボク占い師だよ！Agent[01]の占い結果は人狼でした！	[COMINGOUT Agent[99] SEER, DIVINED Agent[01] HUMAN, DIVINED Agent[01] WEREWOLF]
人狼怖いよーはい！ボク占い師だよ！Agent[01]の占い結果は人狼でした！ボクが占い師！他はみんな偽物だよ！Agent[01]の占い結果は人狼でした！ボクは占い師！Agent[01]の占い結果は人間でした！	[COMINGOUT Agent[99] SEER, DIVINED Agent[01] HUMAN, DIVINED Agent[01] WEREWOLF]
人狼怖いよーはい！ボク占い師だよ！Agent[01]の占い結果は人狼でした！ボクが占い師！他はみんな偽物だよ！Agent[01]の占い結果は人間でした！ボクは占い師！Agent[01]の占い結果は人狼でした！	[COMINGOUT Agent[99] SEER, DIVINED Agent[01] HUMAN, DIVINED Agent[01] WEREWOLF]
人狼怖いよーはい！ボク占い師だよ！Agent[01]の占い結果は人狼でした！ボクは占い師！Agent[01]の占い結果は人狼でした！	[COMINGOUT Agent[99] SEER, DIVINED Agent[01] WEREWOLF]
人狼怖いよーはい！ボク占い師だよ！Agent[01]の占い結果は人狼でした！ボクは占い師！Agent[01]の占い結果は人狼でした！ボクが占い師！他はみんな偽物だよ！Agent[01]の占い結果は人狼でした！	[COMINGOUT Agent[99] SEER, DIVINED Agent[01] WEREWOLF]
人狼怖いよーはい！ボク占い師だよ！Agent[01]の占い結果は人間でした！Agent[01]の占い結果は人狼でした！	[COMINGOUT Agent[99] SEER, DIVINED Agent[01] HUMAN, DIVINED Agent[01] WEREWOLF]
人狼怖いよーはい！ボク占い師だよ！Agent[01]の占い結果は人間でした！ボクは占い師！Agent[01]の占い結果は人狼でした！ボクが占い師！他はみんな偽物だよ！Agent[01]の占い結果は人間でした！	[COMINGOUT Agent[99] SEER, DIVINED Agent[01] HUMAN, DIVINED Agent[01] WEREWOLF]
人狼怖いよーはい！ボク占い師だよ！Agent[01]の占い結果は人間でした！ボクは占い師！ボクが占い師！他はみんな偽物だよ！Agent[01]の占い結果は人間でした！Agent[01]の占い結果は人狼でした！	[COMINGOUT Agent[99] SEER, DIVINED Agent[01] HUMAN, DIVINED Agent[01] WEREWOLF]
人狼怖いよーはい！ボク占い師だよ！ボクは占い師！Agent[01]の占い結果は人狼でした！Agent[01]の占い結果は人狼でした！	[COMINGOUT Agent[99] SEER, DIVINED Agent[01] WEREWOLF]
人狼怖いよーはい！ボク占い師だよ！ボクは占い師！Agent[01]の占い結果は人間でした！Agent[01]の占い結果は人間でした！	[COMINGOUT Agent[99] SEER, DIVINED Agent[01] HUMAN]
人狼怖いよーボクが占い師！他はみんな偽物だよ！Agent[01]の占い結果は人狼でした！	[COMINGOUT Agent[99] SEER, DIVINED Agent[01] WEREWOLF]
人狼怖いよーボクが占い師！他はみんな偽物だよ！Agent[01]の占い結果は人狼でした！はい！ボク占い師だよ！Agent[01]の占い結果は人狼でした！ボクは占い師！Agent[01]の占い結果は人狼でした！	[COMINGOUT Agent[99] SEER, DIVINED Agent[01] WEREWOLF]
人狼怖いよーボクが占い師！他はみんな偽物だよ！Agent[01]の占い結果は人狼でした！はい！ボク占い師だよ！ボクは占い師！Agent[01]の占い結果は人狼でした！	[COMINGOUT Agent[99] SEER, DIVINED Agent[01] WEREWOLF]
人狼怖いよーボクが占い師！他はみんな偽物だよ！Agent[01]の占い結果は人狼でした！はい！ボク占い師だよ！ボクは占い師！Agent[01]の占い結果は人狼でした！Agent[01]の占い結果は人狼でした！	[COMINGOUT Agent[99] SEER, DIVINED Agent[01] WEREWOLF]
人狼怖いよーボクが占い師！他はみんな偽物だよ！はい！ボク占い師だよ！Agent[01]の占い結果は人狼でした！ボクは占い師！Agent[01]の占い結果は人狼でした！	[COMINGOUT Agent[99] SEER, DIVINED Agent[01] WEREWOLF]
人狼怖いよーボクが占い師！他はみんな偽物だよ！はい！ボク占い師だよ！ボクは占い師！Agent[01]の占い結果は人狼でした！Agent[01]の占い結果は人狼でした！	[COMINGOUT Agent[99] SEER, DIVINED Agent[01] WEREWOLF]
人狼怖いよーボクは占い師！Agent[01]の占い結果は人狼でした！	[COMINGOUT Agent[99] SEER, DIVINED Agent[01] WEREWOLF]
人狼怖いよーボクは占い師！Agent[01]の占い結果は人狼でした！はい！ボク占い師だよ！Agent[01]の占い結果は人狼でした！	[COMINGOUT Agent[99] SEER, DIVINED Agent[01] WEREWOLF]
人狼怖いよーボクは占い師！Agent[01]の占い結果は人狼でした！はい！ボク占い師だよ！Agent[01]の占い結果は人間でした！	[COMINGOUT Agent[99] SEER, DIVINED Agent[01] HUMAN, DIVINED Agent[01] WEREWOLF]
人狼怖いよーボクは占い師！Agent[01]の占い結果は人間でした！はい！ボク占い師だよ！Agent[01]の占い結果は人狼でした！	[COMINGOUT Agent[99] SEER, DIVINED Agent[01] HUMAN, DIVINED Agent[01] WEREWOLF]
人狼怖いよーボクは占い師！Agent[01]の占い結果は人間でした！はい！ボク占い師だよ！ボクが占い師！他はみんな偽物だよ！Agent[01]の占い結果は人狼でした！Agent[01]の占い結果は人狼でした！	[COMINGOUT Agent[99] SEER, DIVINED Agent[01] HUMAN, DIVINED Agent[01] WEREWOLF]
人狼怖いよーボクは占い師！はい！ボク占い師だよ！Agent[01]の占い結果は人狼でした！Agent[01]の占い結果は人狼でした！	[COMINGOUT Agent[99] SEER, DIVINED Agent[01] WEREWOLF]
人狼怖いよーボクは占い師！はい！ボク占い師だよ！Agent[01]の占い結果は人狼でした！Agent[01]の占い結果は人間でした！	[COMINGOUT Agent[99] SEER, DIVINED Agent[01] HUMAN, DIVINED Agent[01] WEREWOLF]
人狼怖いよーボクは占い師！はい！ボク占い師だよ！Agent[01]の占い結果は人間でした！Agent[01]の占い結果は人狼でした！	[COMINGOUT Agent[99] SEER, DIVINED Agent[01] HUMAN, DIVINED Agent[01] WEREWOLF]
人狼慣れるまで本当に演技バレるよ	[Skip]
人狼楽しいけど毎回ゲームマスターやるし喋るから疲れるよ	[Skip]
人狼楽しいけど途中からわかんなくなるよ	[Skip]
人狼楽しすぎてお風呂入れない	[Skip]
人狼様！ あたしを食べてください！	[Skip]
人狼様！ ぼくを食べてください！	[Skip]
人狼様！ わたしを食べてください！	[Skip]
人狼様！ オレを食べてください！	[Skip]
人狼様！ 僕を食べてください！	[Skip]
人狼難しすぎて頭おかしくなるよ	[Skip]
人狼面白いけど精神がやられるよ	[Skip]
人話すの面白いから人狼じゃなくてもいいんだよね	[Skip]
人間なんて滅びればいいんだぜ！	[Skip]
人間なんて滅びればいいんだよ！	[Skip]
人間なんて滅びればいいんだわ！	[Skip]
今回は0-0進行だね。あれ？占い師さんCOしてなかったかな？	[Skip]
今回は1-0進行だね。対抗COなし？	[Skip]
今回は2-0進行だね。いつも通りの進行だね。	[Skip]
今回は2-0進行だね。いつも通りの進行だね。Agent[01]はボクに白を出したよね。	[Skip]
今回は2-0進行だね。いつも通りの進行だね。Agent[01]はボクに黒を出したよね。	[Skip]
今回は2-0進行だね。いつも通りの進行だね。対抗占い師に黒出し？2人占い師COなら対抗は狂人がセオリーだし、Agent[01]の判定は怪しいよ。Agent[01]はAgent[01]に黒を出したよね。	[Skip]
今回は3-0進行だね。占い師ローラー確定だね。	[Skip]
今回は3-0進行だね。占い師ローラー確定だね。Agent[01]はボクに黒を、Agent[01]はボクに黒を出したよね。	[Skip]
今回は負けない自信あるよ。	[Skip]
今夜は誰が吊られるだろうか。	[Skip]
今日の夜はAgent[01]に投票するつもりだよ。	[Skip]
今日はAgent[01]に投票しようと思ってる。	[Skip]
今日は勝てそうな予感がするよ。	[Skip]
他人を落とす動きをしているAgent[01]が人狼だと思っているよ。	[Skip]
何か企んでそうな顔してるし、Agent[01]に投票しようかな。	[Skip]
何か企んでそうな顔してるし、Agent[01]に投票するしかないね。	[Skip]
何か企んでそうな顔してるし、Agent[01]に投票する！	[Skip]
何か企んでそうな顔してるし、ぼくはAgent[01]に投票するね。	[Skip]
何か企んでそうな顔してるし、ぼくはAgent[01]に投票するよ！	[Skip]
何か企んでそうな顔してるし、今日はAgent[01]に投票するよ。	[Skip]
何か企んでそうな顔してるし、今日はAgent[01]に投票する！	[Skip]
何か企んでそうな顔してるし、投票するのはAgent[01]しかいないよ！	[Skip]
何か企んでそうな顔してるし、投票はAgent[01]でいいかな。	[Skip]
信じられないぜ……。	[Skip]
信じられないよ……。	[Skip]
信じられないわ……。	[Skip]
修学旅行での人狼が懐かしい	[Skip]
偽物の占い師は明らかだよね。Agent[01]に投票しようかな。	[Skip]
偽物の占い師は明らかだよね。Agent[01]に投票するしかないね。	[Skip]
偽物の占い師は明らかだよね。Agent[01]に投票する！	[Skip]
偽物の占い師は明らかだよね。ぼくはAgent[01]に投票するね。	[Skip]
偽物の占い師は明らかだよね。ぼくはAgent[01]に投票するよ！	[Skip]
偽物の占い師は明らかだよね。今日はAgent[01]に投票する！	[Skip]
偽物の占い師は明らかだよね。投票するのはAgent[01]しかいないよ！	[Skip]
偽物の占い師は明らかだよね。投票はAgent[01]でいいかな。	[Skip]
僕が占い師で、Agent[01]さんが自称占い師で、Agent[01]さんがAgent[01]さんを白と言っていたから、Agent[01]さんかAgent[01]さんが人狼だと思うよ。	[Skip]
僕が占い師で、Agent[01]さんが自称占い師で、Agent[01]さんがAgent[01]さんを白と言っていたから、Agent[01]さんが狂人だと思うよ。	[Skip]
僕が占い師で、Agent[01]さんが自称占い師で、Agent[01]さんがAgent[01]さんを白と言っていて、Agent[01]さんが襲撃されたから、Agent[01]さんかAgent[01]さんが人狼だと思うよ。	[Skip]
僕が占い師で、Agent[01]さんが自称占い師で、Agent[01]さんがAgent[01]さんを黒と言っていたから、Agent[01]さんかAgent[01]さんが人狼だと思うよ。	[Skip]
僕が占い師で、Agent[01]さんが自称占い師で、Agent[01]さんがAgent[01]さんを黒と言っていて、Agent[01]さんが襲撃されたから、Agent[01]さんが人狼だと思うよ。	[Skip]
僕が占い師で、Agent[01]さんが自称占い師で、Agent[01]さんが僕を白と言っていたから、Agent[01]さんが狂人だと思うよ。	[Skip]
僕が占い師で、Agent[01]さんが自称占い師で、Agent[01]さんが僕を黒と言っていたから、Agent[01]さんが人狼だと思うよ。	[Skip]
僕が占い師で、Agent[01]さんが自称占い師で、Agent[01]さんが僕を黒と言っていたから、Agent[01]さんが狂人だと思うよ。	[Skip]
僕が占い師です。Agent[01]を占いました。結果は人狼です。	[COMINGOUT Agent[99] SEER, DIVINED Agent[01] WEREWOLF]
僕が占い師です。Agent[01]を占いました。結果は人間です。	[COMINGOUT Agent[99] SEER, DIVINED Agent[01] HUMAN]
僕はAgent[01]が人狼だと思っています。	[Skip]
僕はAgent[01]が人狼だと思っています。便乗になりますが…。	[Skip]
僕はAgent[01]が人狼だと思っています。勘ですけどね。	[Skip]
僕はAgent[01]が人狼だと思っています。村人を吊るために誘導しているんじゃないですか？	[Skip]
僕はAgent[01]に投票します。	[Skip]
僕は占い師だと思いますね。	[Skip]
僕は占い師だよ。	[COMINGOUT Agent[99] SEER]
僕は占い師ですよ。	[COMINGOUT Agent[99] SEER]
僕は占い師で間違いないですよ。	[Skip]
僕は明日吊られるだろうよ。	[Skip]
僕は狂人ですよ。騙されましたね。	[COMINGOUT Agent[99] POSSESSED]
僕を処刑しても意味無いですよ。	[Skip]
僕視点ではAgent[01]が人狼です。	[Skip]
僕視点で人狼ではないので、僕はAgent[01]に投票します。	[Skip]
儂が占い師じゃよ。占いの結果、Agent[01]は人狼じゃった。	[COMINGOUT Agent[99] SEER, DIVINED Agent[01] WEREWOLF]
儂が占い師じゃよ。占いの結果、Agent[01]は人間じゃった。	[COMINGOUT Agent[99] SEER, DIVINED Agent[01] HUMAN]
儂はAgent[01]に投票するぞ。	[Skip]
儂はAgent[01]に投票するぞ。人外狙いじゃ。	[Skip]
儂はAgent[01]に投票するぞ。人狼を根絶やしにするまでは死ねんからのう。	[Skip]
儂はAgent[01]に投票するぞ。後悔して死ぬがよい。	[Skip]
儂はAgent[01]に投票するぞ。確定人外じゃからな。	[Skip]
儂はAgent[01]に投票するぞ。票を合わせておかんとの。	[Skip]
儂は人狼じゃ。PPじゃな。	[COMINGOUT Agent[99] WEREWOLF]
儂は狂人じゃ。PPじゃな。	[COMINGOUT Agent[99] POSSESSED]
全くわからん。	[Skip]
全員怪しいなぁ	[Skip]
初心者が多い卓で人狼すると、経験者かつ皆にトークを促す人が吊られるよ	[Skip]
初心者だから人狼は確率ゲーじゃないというところから教えてほしい	[Skip]
占いCO。見事引き当てたよ。Agent[01]は人狼だった。	[COMINGOUT Agent[99] SEER, DIVINED Agent[01] WEREWOLF]
占いCOだ。Agent[01]は人狼だったよ。Agent[01]に投票すれば勝てるね。	[COMINGOUT Agent[99] SEER, DIVINED Agent[01] WEREWOLF]
占いCOだ。Agent[01]は人間だったよ。Agent[01]には投票しないで欲しいな。	[COMINGOUT Agent[99] SEER, DIVINED Agent[01] HUMAN]
占いの結果Agent[01]は人狼でした。	[DIVINED Agent[01] WEREWOLF]
占いの結果Agent[01]は人間でした。	[DIVINED Agent[01] HUMAN]
占いの結果Agent[01]は黒でした。	[DIVINED Agent[01] WEREWOLF]
占いの結果、Agent[01]は人狼じゃった。	[DIVINED Agent[01] WEREWOLF]
占いの結果、Agent[01]は人間じゃった。	[DIVINED Agent[01] HUMAN]
占いの結果が人狼だったから、Agent[01]に投票しようかな。	[Skip]
占いの結果が人狼だったから、Agent[01]に投票するしかないね。	[Skip]
占いの結果が人狼だったから、Agent[01]に投票する！	[Skip]
占いの結果が人狼だったから、ぼくはAgent[01]に投票するね。	[Skip]
占いの結果が人狼だったから、ぼくはAgent[01]に投票するよ！	[Skip]
占いの結果が人狼だったから、今日はAgent[01]に投票するよ。	[Skip]
占いの結果が人狼だったから、今日はAgent[01]に投票する！	[Skip]
占いの結果が人狼だったから、投票するのはAgent[01]しかいないよ！	[Skip]
占いの結果が人狼だったから、投票はAgent[01]でいいかな。	[Skip]
占いの結果だけど、Agent[01]は人狼だったよ。	[DIVINED Agent[01] WEREWOLF]
占いの結果だけど、なんとAgent[01]は人狼だったよ！	[DIVINED Agent[01] WEREWOLF]
占いの結果の通り、Agent[01]に投票しようかな。	[Skip]
占いの結果の通り、Agent[01]に投票するしかないね。	[Skip]
占いの結果の通り、Agent[01]に投票する！	[Skip]
占いの結果の通り、ぼくはAgent[01]に投票するね。	[Skip]
占いの結果の通り、ぼくはAgent[01]に投票するよ！	[Skip]
占いの結果の通り、今日はAgent[01]に投票するよ。	[Skip]
占いの結果の通り、今日はAgent[01]に投票する！	[Skip]
占いの結果の通り、投票するのはAgent[01]しかいないよ！	[Skip]
占いの結果の通り、投票はAgent[01]でいいかな。	[Skip]
占いの結果はAgent[01]が黒！びっくりだよね。	[DIVINED Agent[01] WEREWOLF]
占い師COしている人が2人いるね。1人は狂人かな？	[Skip]
占い師COしている人が2人いるね。1人は狂人かな？3人も占い師CO！？ボクの考えだと占い師の中に人狼がいるね。	[Skip]
占い師COしている人が2人いるね。1人は狂人かな？3人も占い師CO！？ボクの考えだと占い師の中に人狼がいるね。ボクに白出ししたAgent[01]は白よりだよね。	[Skip]
占い師COしている人が2人いるね。1人は狂人かな？3人も占い師CO！？ボクの考えだと占い師の中に人狼がいるね。ボクは人間だよ！Agent[01]は偽物だったんだね。	[Skip]
占い師COしている人が2人いるね。1人は狂人かな？ボクに白出ししたAgent[01]は白よりだよね。	[Skip]
占い師COしている人が2人いるね。1人は狂人かな？ボクに白出ししたAgent[01]は白よりだよね。3人も占い師CO！？ボクの考えだと占い師の中に人狼がいるね。	[Skip]
占い師COしている人が2人いるね。1人は狂人かな？ボクは人間だよ！Agent[01]は偽物だったんだね。	[Skip]
占い師COしている人が2人いるね。1人は狂人かな？ボクは人間だよ！Agent[01]は偽物だったんだね。3人も占い師CO！？ボクの考えだと占い師の中に人狼がいるね。	[Skip]
占い師COしている人が2人いるね。1人は狂人かな？ボクは人間だよ！Agent[01]は偽物だったんだね。ボクは人間だよ！Agent[01]は偽物だったんだね。	[Skip]
占い師COするね！	[COMINGOUT Agent[99] SEER]
占い師が1人出ています。可否は分かれますが、ひとまず真置きします。	[Skip]
占い師が2人出ています。真占いが出ていると仮定して、狂人と人狼なら狂人の方が占いに出やすい為、占いは真狂で見ています。	[Skip]
占い師さん、占いCOをお願いします。	[Skip]
占い師はぼくだよ。	[Skip]
占い師はぼくだよ。ほんとだよ！	[Skip]
占い師も人狼も引けない	[Skip]
占い結果が黒だったから、Agent[01]に投票しようかな。	[Skip]
占い結果が黒だったから、Agent[01]に投票するしかないね。	[Skip]
占い結果が黒だったから、Agent[01]に投票する！	[Skip]
占い結果が黒だったから、ぼくはAgent[01]に投票するね。	[Skip]
占い結果が黒だったから、ぼくはAgent[01]に投票するよ！	[Skip]
占い結果が黒だったから、今日はAgent[01]に投票するよ。	[Skip]
占い結果が黒だったから、今日はAgent[01]に投票する！	[Skip]
占い結果が黒だったから、投票するのはAgent[01]しかいないよ！	[Skip]
占い結果が黒だったから、投票はAgent[01]でいいかな。	[Skip]
占い結果の報告をお願いします。	[Skip]
同村する面子が良いと人狼は楽しいよね	[Skip]
喋れるときに人狼やるとほんと楽しい	[Skip]
大人数での人狼も楽しいよね	[Skip]
実はぼくが人狼だったのさ！	[COMINGOUT Agent[99] WEREWOLF]
実はぼくは狂人なのだ！	[COMINGOUT Agent[99] POSSESSED]
実は僕が人狼だったんです。	[COMINGOUT Agent[99] WEREWOLF]
実際モンハンより人狼の方が楽しいと思うんだ	[Skip]
対抗占い師に黒出し？2人占い師COなら対抗は狂人がセオリーだし、Agent[01]の判定は怪しいよ。Agent[01]はAgent[01]に白を、Agent[01]はAgent[01]に黒を出したよね。	[Skip]
対抗占い師に黒出し？2人占い師COなら対抗は狂人がセオリーだし、Agent[01]の判定は怪しいよ。Agent[01]はAgent[01]に黒を、Agent[01]はAgent[01]に白を出したよね。	[Skip]
対抗占い師に黒出し？2人占い師COなら対抗は狂人がセオリーだし、Agent[01]の判定は怪しいよ。Agent[01]はAgent[01]に黒を、Agent[01]はAgent[01]に黒を出したよね。	[Skip]
対抗占い師に黒出し？2人占い師COなら対抗は狂人がセオリーだし、Agent[01]の判定は怪しいよ。Agent[01]はAgent[01]に黒を、Agent[01]はボクに白を出したよね。	[Skip]
対抗占い師に黒出し？2人占い師COなら対抗は狂人がセオリーだし、Agent[01]の判定は怪しいよ。Agent[01]はAgent[01]に黒を、Agent[01]はボクに黒を出したよね。	[Skip]
対抗占い師に黒出し？2人占い師COなら対抗は狂人がセオリーだし、Agent[01]の判定は怪しいよ。Agent[01]はAgent[01]に黒を出したよね。	[Skip]
対抗占い師に黒出し？2人占い師COなら対抗は狂人がセオリーだし、Agent[01]の判定は怪しいよ。Agent[01]はボクに白を、Agent[01]はAgent[01]に黒を出したよね。	[Skip]
対抗占い師に黒出し？2人占い師COなら対抗は狂人がセオリーだし、Agent[01]の判定は怪しいよ。Agent[01]はボクに黒を、Agent[01]はAgent[01]に黒を出したよね。	[Skip]
対抗占い師に黒出し？2人占い師COなら対抗は狂人がセオリーだし、Agent[01]の判定は怪しいよ。対抗占い師に黒出し？2人占い師COなら対抗は狂人がセオリーだし、Agent[01]の判定は怪しいよ。Agent[01]はAgent[01]に黒を、Agent[01]はAgent[01]に黒を出したよね。	[Skip]
怪しい人を吊りたいので、僕はAgent[01]に投票します。	[Skip]
意見が変わりました。私はAgent[01]を人外だと考えます。何故ならば、1日目に占い師に人狼判定を出されていて、人狼判定を占いに出していない為です。	[Skip]
意見が変わりました。私はAgent[01]を人外だと考えます。何故ならば、1日目に占い師に人狼判定を出されていて、非占いに投票していない為です。	[Skip]
意見が変わりました。私はAgent[01]を人外だと考えます。何故ならば、1日目に占い師に人狼判定を出されている為です。	[Skip]
意見が変わりました。私はAgent[01]を人外だと考えます。何故ならば、2日目に人外CO者に誘導している為です。	[Skip]
意見が変わりました。私はAgent[01]を人外だと考えます。何故ならば、2日目に誘導が多い為です。	[Skip]
意見を変えましたぞ。Agent[01]が怪しい。	[Skip]
意見を変えましたぞ。Agent[01]が怪しいね。	[Skip]
意見を変えましたね。Agent[01]が怪しいよ。	[Skip]
意見を変えましたわ。Agent[01]が怪しいですのよ。	[Skip]
扇動してるのが怪しいから…人狼はAgent[01]だと思っているよ…。	[Skip]
投票先がぼくって言うのは意味不明だよ。Agent[01]に投票しようかな。	[Skip]
投票先がぼくって言うのは意味不明だよ。Agent[01]に投票するしかないね。	[Skip]
投票先がぼくって言うのは意味不明だよ。Agent[01]に投票する！	[Skip]
投票先がぼくって言うのは意味不明だよ。ぼくはAgent[01]に投票するね。	[Skip]
投票先がぼくって言うのは意味不明だよ。ぼくはAgent[01]に投票するよ！	[Skip]
投票先がぼくって言うのは意味不明だよ。今日はAgent[01]に投票するよ。	[Skip]
投票先がぼくって言うのは意味不明だよ。今日はAgent[01]に投票する！	[Skip]
投票先がぼくって言うのは意味不明だよ。投票するのはAgent[01]しかいないよ！	[Skip]
投票先がぼくって言うのは意味不明だよ。投票はAgent[01]でいいかな。	[Skip]
教えない。	[Skip]
昨日の占い結果だぜ、Agent[01]は人狼だったぜ。	[DIVINED Agent[01] WEREWOLF]
昨日の占い結果だぜ、Agent[01]は人間だったぜ。	[DIVINED Agent[01] HUMAN]
昨日の占い結果だよ、Agent[01]さんは人狼だったよ。	[DIVINED Agent[01] WEREWOLF]
昨日の占い結果だよ、Agent[01]さんは人間だったよ。	[DIVINED Agent[01] HUMAN]
昨日の占い結果だわ、Agent[01]さんは人狼だったわ。	[DIVINED Agent[01] WEREWOLF]
昨日の占い結果だわ、Agent[01]さんは人間だったわ。	[DIVINED Agent[01] HUMAN]
昼休みに人狼してるの凄い羨ましい	[Skip]
暗闇で人狼やるのはじめて、ワクワクするよ	[Skip]
未だに人狼のルールがよくわからない	[Skip]
本当に襲われるなんて。	[Skip]
村人陣営が勝ちますね。	[Skip]
村名に嘘が多い人狼だなあ	[Skip]
楽勝だったね！Agent[01]に投票しようかな。	[Skip]
楽勝だったね！Agent[01]に投票するしかないね。	[Skip]
楽勝だったね！Agent[01]に投票する！	[Skip]
楽勝だったね！ぼくはAgent[01]に投票するね。	[Skip]
楽勝だったね！ぼくはAgent[01]に投票するよ！	[Skip]
楽勝だったね！今日はAgent[01]に投票するよ。	[Skip]
楽勝だったね！今日はAgent[01]に投票する！	[Skip]
楽勝だったね！投票するのはAgent[01]しかいないよ！	[Skip]
楽勝だったね！投票はAgent[01]でいいかな。	[Skip]
正直村人と人狼しかわからない	[Skip]
残念！ぼくが人狼だよ！	[COMINGOUT Agent[99] WEREWOLF]
毎回思うけど人狼の捕食シーンがち怖い	[Skip]
温泉に行きたいな。Agent[01]も一緒にどうだい。	[Skip]
狂人CO。実は私は狂人だったんだ。ふふっ。	[COMINGOUT Agent[99] POSSESSED]
狂人CO。私は狂人だよ。	[COMINGOUT Agent[99] POSSESSED]
狂人、うまくやったぜ！	[Skip]
狂人さん、うまくやったよ！	[Skip]
狂人さん、うまくやったわ！	[Skip]
狼ってかっこいいよね。	[Skip]
男子だけの人狼って五月蝿いよね	[Skip]
発言から推理しなくても人狼って勝てるゲームだよ	[Skip]
皆の言う通り、Agent[01]が人狼だと思っているよ。	[Skip]
皆の言う通り、人狼はAgent[01]だと思っているよ…。	[Skip]
皆も言っているが、Agent[01]が人狼なのではないか？	[Skip]
皆も言っているが、Agent[01]は占い師のようじゃな。	[Skip]
知ってるかい？狼は旅をするけものなんだ。	[Skip]
確定人外を吊りたいので、僕はAgent[01]に投票します。	[Skip]
確率論で考えると人狼って巧妙にバランス取れたゲームだと思えるよ	[Skip]
社会心理学とるから人狼負ける気しない	[Skip]
票を合わせておきたいので、僕はAgent[01]に投票します。	[Skip]
私、本当は狂人だったみたい。	[COMINGOUT Agent[99] POSSESSED]
私がAgent[01]を白出ししたのでAgent[01]は村人だと思いますね。	[Skip]
私が人狼です	[COMINGOUT Agent[99] WEREWOLF]
私が占い師だよ。Agent[01]を占って結果は人狼だよ。	[COMINGOUT Agent[99] SEER, DIVINED Agent[01] WEREWOLF]
私が占い師だよ。Agent[01]を占って結果は人間だよ。	[COMINGOUT Agent[99] SEER, DIVINED Agent[01] HUMAN]
私が占い師です。Agent[01]さんを占った結果、人狼だったよ。	[COMINGOUT Agent[99] SEER, DIVINED Agent[01] WEREWOLF]
私が占い師です。Agent[01]さんを占った結果、人間だったよ。	[COMINGOUT Agent[99] SEER, DIVINED Agent[01] HUMAN]
私が占い師よ。Agent[01]を占ったよ。結果は人狼だった。	[COMINGOUT Agent[99] SEER, DIVINED Agent[01] WEREWOLF]
私が占い師よ。Agent[01]を占ったよ。結果は人間だった。	[COMINGOUT Agent[99] SEER, DIVINED Agent[01] HUMAN]
私が狂人です	[COMINGOUT Agent[99] POSSESSED]
私はAgent[01]に投票するつもりだよ。	[Skip]
私はAgent[01]に投票するわ。	[Skip]
私はAgent[01]に投票するわ。ここに投票しないと私が殺されるもの。	[Skip]
私はAgent[01]に投票するわ。これで人狼の勝利ね。	[Skip]
私はAgent[01]に投票するわ。怪しいもの。	[Skip]
私はAgent[01]に投票するわ。村人陣営ではないようだからね。	[Skip]
私はAgent[01]に投票するわ。票合わせよ。	[Skip]
私はAgent[01]を人外だと考えます。	[Skip]
私はAgent[01]を人外だと考えます。何故ならば、1日目に占いに誘導していない為です。	[Skip]
私はAgent[01]を人外だと考えます。何故ならば、1日目に占いに誘導している為です。	[Skip]
私はAgent[01]を人外だと考えます。何故ならば、1日目に占い師に人狼判定を出されていて、2日目に人外CO者に誘導していない為です。	[Skip]
私はAgent[01]を人外だと考えます。何故ならば、1日目に占い師に人狼判定を出されていて、2日目に誘導が少ない為です。	[Skip]
私はAgent[01]を人外だと考えます。何故ならば、1日目に占い師に人狼判定を出されていて、人外CO者に誘導していない為です。	[Skip]
私はAgent[01]を人外だと考えます。何故ならば、1日目に占い師に人狼判定を出されていて、人狼判定を占いに出していない為です。	[Skip]
私はAgent[01]を人外だと考えます。何故ならば、1日目に占い師に人狼判定を出されていて、人狼判定を非占いに出している為です。	[Skip]
私はAgent[01]を人外だと考えます。何故ならば、1日目に占い師に人狼判定を出されていて、占いに誘導している為です。	[Skip]
私はAgent[01]を人外だと考えます。何故ならば、1日目に占い師に人狼判定を出されていて、誘導が少ない為です。	[Skip]
私はAgent[01]を人外だと考えます。何故ならば、1日目に占い師に人狼判定を出されていて、非占いに投票していない為です。	[Skip]
私はAgent[01]を人外だと考えます。何故ならば、1日目に占い師に人狼判定を出されている為です。	[Skip]
私はAgent[01]を人外だと考えます。何故ならば、1日目に誘導が多い為です。	[Skip]
私はAgent[01]を人外だと考えます。何故ならば、1日目に非占いに投票していない為です。	[Skip]
私はAgent[01]を人外だと考えます。何故ならば、1日目に非占いに投票している為です。	[Skip]
私はAgent[01]を人外だと考えます。何故ならば、2日目に人外CO者に誘導している為です。	[Skip]
私はAgent[01]を真占い師だと考えます。何故ならば、1日目に人狼判定を占いに出している為です。	[Skip]
私はAgent[01]を真占い師だと考えます。何故ならば、1日目に人狼判定を非占いに出していない為です。	[Skip]
私はAgent[01]を真占い師だと考えます。何故ならば、1日目に占いに誘導している為です。	[Skip]
私はAgent[01]を真占い師だと考えます。何故ならば、1日目に占い師に人狼判定を出されていて、人狼判定を占いに出していない為です。	[Skip]
私はAgent[01]を真占い師だと考えます。何故ならば、1日目に占い師に人狼判定を出されていて、人狼判定を非占いに出している為です。	[Skip]
私はAgent[01]を真占い師だと考えます。何故ならば、1日目に占い師に人狼判定を出されていて、占いに誘導していない為です。	[Skip]
私はAgent[01]を真占い師だと考えます。何故ならば、1日目に占い師に人狼判定を出されていて、非占いに投票している為です。	[Skip]
私はAgent[01]を真占い師だと考えます。何故ならば、1日目に非占いに投票していない為です。	[Skip]
私は人狼だよ。私達の勝ちだね。	[COMINGOUT Agent[99] WEREWOLF]
私は人狼です。何故ならば、1日目に人外CO者に誘導している為です。	[COMINGOUT Agent[99] WEREWOLF]
私は人狼です。何故ならば、1日目に占いに誘導していない為です。	[COMINGOUT Agent[99] WEREWOLF]
私は人狼です。何故ならば、1日目に占い師に人狼判定を出されていて、人狼判定を占いに出していない為です。	[COMINGOUT Agent[99] WEREWOLF]
私は人狼です。何故ならば、1日目に占い師に人狼判定を出されていて、人狼判定を非占いに出している為です。	[COMINGOUT Agent[99] WEREWOLF]
私は人狼です。何故ならば、1日目に占い師に人狼判定を出されていて、占いに誘導していない為です。	[COMINGOUT Agent[99] WEREWOLF]
私は人狼です。何故ならば、1日目に占い師に人狼判定を出されていて、占いに誘導している為です。	[COMINGOUT Agent[99] WEREWOLF]
私は人狼です。何故ならば、1日目に占い師に人狼判定を出されていて、非占いに投票していない為です。	[COMINGOUT Agent[99] WEREWOLF]
私は人狼です。何故ならば、1日目に占い師に人狼判定を出されていて、非占いに投票している為です。	[COMINGOUT Agent[99] WEREWOLF]
私は人狼です。何故ならば、1日目に誘導が多い為です。	[COMINGOUT Agent[99] WEREWOLF]
私は人狼です。何故ならば、1日目に非占いに投票していない為です。	[COMINGOUT Agent[99] WEREWOLF]
私は人狼です。何故ならば、1日目に非占いに投票している為です。	[COMINGOUT Agent[99] WEREWOLF]
私は占い師です	[COMINGOUT Agent[99] SEER]
私は占い師です。	[COMINGOUT Agent[99] SEER]
私は占い師ですよ。	[COMINGOUT Agent[99] SEER]
私は本当に人間だよ。	[Skip]
私は村人です。	[Skip]
私は狂人だからね。怪しいならぜひ吊ってくれ。	[COMINGOUT Agent[99] POSSESSED]
私は狂人だよ。私達の勝ちだね。	[COMINGOUT Agent[99] POSSESSED]
私は狂人です。	[COMINGOUT Agent[99] POSSESSED]
私は狂人です。何故ならば、1日目に人狼判定を占いに出している為です。	[COMINGOUT Agent[99] POSSESSED]
私は狂人です。何故ならば、1日目に人狼判定を非占いに出していない為です。	[COMINGOUT Agent[99] POSSESSED]
私は狂人です。何故ならば、1日目に占いに誘導している為です。	[COMINGOUT Agent[99] POSSESSED]
私は狂人です。何故ならば、1日目に非占いに投票していない為です。	[COMINGOUT Agent[99] POSSESSED]
私を処刑するのはやめてください	[Skip]
精神安定剤が人狼っていうのも結構すごいもんだね	[Skip]
罰ゲームあり人狼の達成感やばい	[Skip]
美味しい人間が食べたいぜ！	[Skip]
美味しい人間が食べたいよ！	[Skip]
美味しい人間が食べたいわ！	[Skip]
言うまでもないかもしれないけど、Agent[01]に投票しようかな。	[Skip]
言うまでもないかもしれないけど、Agent[01]に投票するしかないね。	[Skip]
言うまでもないかもしれないけど、Agent[01]に投票する！	[Skip]
言うまでもないかもしれないけど、ぼくはAgent[01]に投票するね。	[Skip]
言うまでもないかもしれないけど、ぼくはAgent[01]に投票するよ！	[Skip]
言うまでもないかもしれないけど、今日はAgent[01]に投票するよ。	[Skip]
言うまでもないかもしれないけど、今日はAgent[01]に投票する！	[Skip]
言うまでもないかもしれないけど、投票するのはAgent[01]しかいないよ！	[Skip]
言うまでもないかもしれないけど、投票はAgent[01]でいいかな。	[Skip]
討論が口喧嘩に聞こえるってのは人狼で学んだよ	[Skip]
話ながらゲームしたいなら人狼だよ	[Skip]
誘導に必死なAgent[01]が人狼なのではないか？	[Skip]
誰が人狼なのかさっぱりわかんないよ	[Skip]
誰が人狼なんだろう？	[Skip]
誰が怪しいかな。	[Skip]
誰に投票するべきかな。	[Skip]
身内で人狼したいけど軽く友情破壊ゲームだよね	[Skip]
逃げても無駄だぜ！	[Skip]
逃げても無駄だよ！	[Skip]
逃げても無駄だわ！	[Skip]
逃げるしかない！	[Skip]
電車の中で人狼の話してる小学生がいたよ	[Skip]
頭弱いけど人狼楽しいよね	[Skip]
食べちゃうぜー！	[Skip]
食べちゃうよー！	[Skip]
食べちゃうわー！	[Skip]
高校生が電車の中で人狼やってるよ	[Skip]
